Filename,Male,Young,Middle_Aged,Senior,Asian,White,Black,Rosy_Cheeks,Shiny_Skin,Bald,Wavy_Hair,Receding_Hairline,Bangs,Sideburns,Black_Hair,Blond_Hair,Brown_Hair,Gray_Hair,No_Beard,Mustache,5_o_Clock_Shadow,Goatee,Oval_Face,Square_Face,Round_Face,Double_Chin,High_Cheekbones,Chubby,Obstructed_Forehead,Fully_Visible_Forehead,Brown_Eyes,Bags_Under_Eyes,Bushy_Eyebrows,Arched_Eyebrows,Mouth_Closed,Smiling,Big_Lips,Big_Nose,Pointy_Nose,Heavy_Makeup,Wearing_Hat,Wearing_Earrings,Wearing_Necktie,Wearing_Lipstick,No_Eyewear,Eyeglasses,Attractive,latent_vector
n000002_0001_01.jpg,-1,1,-1,-1,-1,1,-1,0,0,-1,1,-1,1,-1,0,0,0,0,1,-1,-1,-1,1,-1,-1,-1,1,-1,-1,-1,-1,-1,-1,1,0,0,0,-1,1,1,-1,1,-1,1,1,-1,1,"[[-1.15218532e+00  1.71217412e-01  1.04732490e+00  8.80697072e-01
   2.01114535e+00 -2.07122302e+00 -2.35520697e+00  4.01277281e-02
   1.33789468e+00 -9.72319245e-02 -1.55009770e+00 -5.68995625e-02
   4.40503091e-01 -1.02020297e-02  6.03807032e-01 -8.10314357e-01
   3.48225415e-01  1.72587085e+00  1.02395415e+00  2.57615119e-01
  -1.25743973e+00  2.25543952e+00  9.67715502e-01  1.96967393e-01
   9.04941201e-01  9.96220410e-02 -2.52458334e-01  1.43543571e-01
   1.58546835e-01 -6.37156844e-01 -1.10251531e-01  4.15625393e-01
   5.81918806e-02  6.71860278e-02  2.77762198e+00  1.10135245e+00
  -1.03707165e-01  8.03036690e-01 -1.46055794e+00 -1.14281166e+00
   4.31948811e-01 -2.39080834e+00 -1.06274951e+00  2.79385247e-03
  -1.87379181e+00 -2.80094892e-01  6.68807864e-01 -2.28531808e-01
   1.02020514e+00  1.50522172e+00  1.12640508e-01 -1.94147900e-01
  -3.01278496e+00 -1.31485716e-01  1.09173882e+00  2.00676298e+00
  -7.98649490e-01  5.10561109e-01 -4.71720934e-01  1.67289448e+00
   3.70526433e-01  7.00279415e-01 -9.22032297e-01  1.14349353e+00
   6.88785464e-02  2.65926808e-01 -3.46675724e-01 -1.88277352e+00
   8.22541595e-01  6.39994502e-01  4.00581419e-01 -6.50467634e-01
  -7.16898143e-01 -2.07751215e-01  1.32797790e+00  4.09008920e-01
  -1.24074364e+00 -1.32000342e-01  1.53357267e+00 -2.39911032e+00
   5.98416269e-01  5.98387063e-01 -4.43917543e-01 -7.11308777e-01
  -4.04889941e-01  3.43174547e-01 -4.84560400e-01 -1.46690428e+00
  -4.78710532e-01 -1.78078878e+00  1.11692750e+00  1.14007366e+00
  -8.25083137e-01  7.38976419e-01  7.20650852e-01 -5.85277975e-01
  -7.50199258e-01 -3.71950358e-01 -5.64651847e-01 -3.24317932e-01
   1.52488554e+00 -1.80388784e+00  1.49059188e+00 -1.18947756e+00
   2.19262171e+00  1.02312398e+00  5.52263439e-01 -1.50035501e-01
  -9.50588048e-01  8.17290902e-01  3.52799326e-01  1.08672309e+00
  -1.41813207e+00  2.48858958e-01 -1.26289022e+00  2.72478670e-01
  -2.38291883e+00 -6.87484086e-01  2.91091949e-01 -9.90784109e-01
  -2.79787779e-01  7.96725929e-01  5.59154630e-01 -4.47907925e-01
  -2.97099680e-01  9.55952644e-01 -3.65777463e-01  1.23632252e+00
  -2.33853149e+00 -1.15937257e+00 -2.67408967e-01  1.11580718e+00
  -8.24119925e-01  1.37836611e+00  1.79907155e+00  6.46606863e-01
  -3.14863592e-01  9.60523784e-01 -3.42515230e-01 -8.66356194e-01
  -1.32741523e+00  1.33333194e+00  2.39498317e-01  5.09493828e-01
  -4.05977577e-01  1.28678590e-01  4.18693006e-01  1.03676487e-02
   1.26325071e+00  5.51395118e-01  1.86805952e+00 -7.94185936e-01
  -2.46621132e-01  1.36289203e+00 -5.69514573e-01 -5.34363925e-01
   5.97146809e-01  7.13828325e-01 -4.85524684e-01 -1.13521338e+00
   1.23261571e+00 -1.45139205e+00  1.19221464e-01  1.55072284e+00
  -2.68966883e-01  3.47912721e-02  1.55689105e-01  5.91982663e-01
  -1.62584090e+00 -3.47065717e-01  1.62228346e+00 -7.29809165e-01
  -6.31479546e-02  1.41932046e+00  4.31288928e-02 -1.96296954e+00
  -4.12644535e-01  7.31974363e-01 -6.60985559e-02  2.12464881e+00
   8.95984352e-01 -1.38080382e+00  1.23646343e+00 -1.47759867e+00
  -3.21812630e-02 -2.21436071e+00  6.94664359e-01  2.12052655e+00
  -8.69255424e-01 -2.72753906e+00  1.19127142e+00  1.31607175e+00
  -5.78557670e-01  3.92731756e-01 -4.81732190e-01 -1.01109064e+00
  -1.85741162e+00  2.76482433e-01  1.04887463e-01  1.47062138e-01
  -1.21864235e+00  3.71139467e-01  3.92315298e-01 -1.67093909e+00
  -7.60547072e-02 -3.82052124e-01 -1.30601799e+00 -1.32798284e-01
   1.67268312e+00 -1.41100228e+00  7.61067495e-02 -4.20508087e-01
   1.31842995e+00  5.84498286e-01  3.85064900e-01 -1.00650859e+00
   7.54647672e-01 -1.15760088e+00  9.96832132e-01 -6.90641999e-01
  -7.29709327e-01  1.40036452e+00 -9.43950295e-01 -7.58736670e-01
  -1.25216210e+00  1.14589202e+00 -1.95684254e+00  4.64220017e-01
  -2.06393331e-01  6.85183287e-01  1.31739461e+00 -7.27733612e-01
  -1.90169108e+00  4.45344001e-01  7.34005868e-01  7.35358195e-03
  -5.34615338e-01  5.19593894e-01 -1.00449181e+00 -7.92873204e-01
  -1.74535718e-02 -1.28581989e+00 -1.97579098e+00  4.33804601e-01
  -4.47601527e-01 -4.41047162e-01  3.39811623e-01 -3.23327214e-01
   2.23640338e-01 -4.87377614e-01  8.15552413e-01  9.87388372e-01
  -6.33440793e-01  2.91039407e-01 -1.92913666e-01  6.82688892e-01]]"
n000002_0002_01.jpg,-1,1,-1,-1,-1,1,-1,0,0,-1,1,-1,1,-1,-1,1,0,-1,1,-1,-1,-1,1,-1,-1,-1,-1,-1,-1,-1,-1,-1,-1,1,0,-1,0,-1,1,1,-1,1,-1,1,1,-1,1,"[[-1.7189736  -2.4624352   0.17572473  1.1034352   0.36666304 -0.59585655
  -1.9113468   0.15141943  2.3487394   0.77352285 -1.0378164  -0.48069683
  -0.3724595  -0.1362843  -0.187646   -1.5508031   1.303977    0.01113028
   0.05654728 -0.108606   -1.1655241   1.9613731  -0.43485364  0.8074461
   1.0933391  -0.92173606 -0.9808297   1.106995    0.534228   -3.0630844
  -1.5679141   0.2959289   0.6695157  -0.44659647  2.3478801   0.9743058
  -0.13398482  0.3508779  -1.8839698  -1.946623   -0.3720758  -1.7463131
  -0.8465082   1.3239934  -3.010907    0.2051441   0.9859584  -0.5333624
   0.8916922   1.1380212  -0.01889039  0.49080655 -3.749872    0.13296798
   1.0072048   1.5427692  -2.4964824  -0.08725054 -0.17643592  2.0399241
   0.09789878  0.6360659  -0.277053    0.29157788 -0.20753777  0.6887318
  -0.9189432  -0.8049281   0.7794907   1.6430695  -0.65826523 -0.6167798
   0.5119788   0.11337133  0.3066076   2.6314688  -2.8616965   0.667665
   0.11245244 -1.2766467   0.36222413  0.3518134  -0.9509271  -0.6152323
  -0.2602156  -1.3950872   0.16596621 -0.46462983 -0.7777323  -0.3470499
   1.4858557   0.26130262 -0.9631292   0.55821306  0.569384    0.10324904
   0.07583295 -0.20912541 -0.29389787 -0.26153472  1.4280877  -0.81255054
   0.67807263 -2.258728    1.4065276   1.0957375   1.5216905   0.14901878
  -1.6295472   0.35638073  0.5785551   2.1784518   0.13688335 -0.71381515
  -1.3308133   0.81593657 -1.1769366  -0.98235196 -0.43572    -1.4222102
  -0.6039792   0.26205054 -1.1064379   0.29771557 -0.16369334 -0.11358468
   1.3155365   1.1801527  -1.8439573  -2.4679074  -0.7632193   1.3844182
  -1.172912    2.1385128   1.0323958   1.0038993  -0.43276972  0.43701643
  -0.69351727  0.02631558 -1.5683525   1.0987605   0.03196646  0.6639902
  -1.3979234   0.21645886  0.85722125 -0.5905977   2.457439   -0.1775143
   0.6702669  -1.1604244  -0.24462663  0.9108108  -0.8022281  -0.7712421
   0.91741866  1.0286119  -0.6427731  -0.20280427  1.9199113  -1.1543334
   0.13683486  2.3199966  -2.417872    0.1100315   0.863831    0.9774442
  -1.9212325  -0.59894425  0.2689219   0.19280732  0.75356454  0.7954013
  -1.2263086  -1.0578961  -0.06956844 -0.13428643 -0.19044162  1.8604286
   2.1413646   0.5368455   0.60728514 -1.4573592  -0.9598101  -1.1052259
   0.5220179   1.1501133   0.00450288 -1.4765584   0.9894763   0.70091546
   0.12738523 -0.3841067  -0.3853835  -1.6110876  -1.6369358  -0.01888788
   0.97655004  1.0834174  -1.9337095  -1.7432176   0.6471789  -0.6589578
  -0.06138018  0.13695857 -0.7312934  -0.09729224  1.6116798   0.6899815
   0.18858187  0.3711795   0.8370337   0.15769076  1.5981889  -0.93274194
  -0.59562653 -1.2268124   1.159072   -0.91384447 -1.8473454   0.7441722
   0.02280188  0.95681095 -0.08331473  2.5278902  -0.4201267   0.43980578
   0.99082     1.036202    1.9185028   1.0721318  -1.226781   -0.8233241
   0.28082165 -1.1208699   0.01002301 -0.60140663 -1.2734768   0.15684234
   0.2029273  -1.0029768  -2.5634086  -0.41403398 -1.7690511   1.461475
  -0.23923028 -1.157179    1.1807916  -0.38912502  0.06739276  0.53835124
  -0.23637702  0.3754347   0.29643676 -0.17289588]]"
n000002_0003_01.jpg,-1,1,-1,-1,-1,1,-1,0,0,-1,1,-1,1,-1,0,0,0,0,1,-1,-1,-1,1,-1,-1,-1,0,-1,-1,-1,0,-1,-1,1,0,-1,1,-1,1,1,-1,1,-1,1,1,-1,1,"[[-1.2523246   0.38750952  0.4270554  -0.10941534  1.3870554  -2.12335
  -0.24449867  0.20167479 -0.9636341   0.04081144 -1.8130172   0.40078032
   0.57492065 -1.2135361  -1.1373492  -1.8483597  -0.3533765   1.2426351
   0.11557431 -1.2187009  -0.2601596   1.456092    0.3470321   0.18185146
   0.95413613 -2.1290789   0.02492442 -0.09422091  0.8007026  -0.23144047
  -0.28547168 -0.19199046  0.27168238 -0.53111416  1.522955   -0.24939789
   0.7766227   0.6462713  -0.787567   -1.3551133   0.9856393  -2.1399107
  -0.09543184  0.49236858 -1.1696357  -0.58276385  0.6892407   0.7821484
   0.6483689   0.73733854 -0.8492804   0.05914526 -1.3249168  -0.49947986
   1.9401106   1.796716   -0.50174594  1.0581967  -0.85159206  0.63420826
  -1.1896411  -1.1592841  -0.70617324  1.6181892  -0.4604253  -1.8718052
  -0.42604443 -0.4926973   0.13633645  1.2365791   0.33757558  0.17966166
  -0.9199285  -0.7851325   1.7108723   1.3558218  -0.8785845   0.24978317
   2.1741962  -1.3317631   0.72725356 -0.9635688  -0.9302112  -0.4293612
   0.8644271  -0.51645845 -2.5322318   0.2884115  -1.5669084  -1.1881444
   1.8037      0.54955566 -0.85693043  1.3457198   0.68498945 -0.5445036
  -0.80462366 -0.91227865  0.35688925 -0.32677674  1.7674683   0.8694797
   0.13417001 -1.1668303   0.4333922   1.3696733   1.2535144  -0.27366978
  -0.48636094  2.5290902  -1.0772468   0.72062546 -0.9765411   0.26154804
  -1.3681302   0.6951558  -2.5773766  -0.21255413 -0.6693452  -1.4675066
  -0.22414353  0.49085525 -0.78427315 -1.6258802  -0.27121198  0.43796593
   0.81612897  0.32581782 -1.7196482  -1.0205623  -1.142631    0.66766554
  -1.627334    1.0206635   0.61660415  0.64614433  0.1123954   0.26426768
  -0.60214823 -0.5563755  -1.2134694   1.3897723  -0.10068069  0.09881134
   0.1073558  -0.04892253 -0.6337441  -0.004131    1.8927338   0.9948707
   1.8955019  -0.6719873  -0.33624226  2.0346122   0.68084514  0.74152166
   0.7238183   2.3440015  -0.63191676 -0.83303237  1.679286   -0.52593076
  -2.1070406   0.6869504  -0.6733978   0.06919688 -0.30854574 -0.15889058
  -2.4931493  -0.94392127  1.8314682  -0.525378   -0.08174102  0.12676293
  -0.76523876 -1.3751647   0.29050717 -0.06214737 -1.6291428   0.34640843
   0.23703147 -0.13920996 -0.01479727  0.574405   -0.44508454 -0.69856024
  -0.64988965 -0.19952554  0.8381715  -2.7558367  -0.1586506   0.9807094
   0.89193803 -0.04575179  0.65400624 -1.286446   -1.1329459   0.2145493
  -0.12927717 -0.08103573 -0.5809132  -1.3726918   0.21723926 -2.3445399
  -1.0815831  -0.74635905 -0.24147566  0.7259829   0.76536614 -0.22606981
   0.44732165 -0.06871216  1.2216638   1.0788804  -0.37559947 -0.91348547
  -0.3004811  -0.00838346  1.9481832   0.23836222  0.04175891  1.9949148
   0.8817614  -0.98162097 -1.9429799   0.9968047  -0.19265911  0.9631441
  -0.4588504   0.9398367   2.4559393  -0.38893935 -1.0696518   0.0576943
  -0.12202019 -0.13741341 -0.03073257 -0.4484123  -1.3763303   1.0851147
  -0.17374665 -0.60155815 -0.5964641  -0.33031848 -2.0034308   0.08366348
   0.28889182 -1.2665398   0.7488447   0.10864574  0.5009597   0.6056553
   0.0132179  -0.19377671 -0.77085197 -1.2127669 ]]"
n000003_0001_01.jpg,1,0,0,-1,-1,1,-1,-1,0,0,-1,1,-1,1,-1,-1,0,-1,0,0,0,0,0,1,-1,1,0,-1,-1,1,0,0,-1,-1,0,0,-1,0,0,-1,-1,-1,0,-1,1,-1,-1,"[[-7.12176561e-01  7.42944121e-01 -2.63912261e-01  1.77741826e+00
   2.06877649e-01 -2.46589255e+00 -1.55379963e+00 -1.06157780e+00
   1.90916568e-01 -9.30295587e-01  2.40042895e-01 -1.74639726e+00
   1.09037280e+00 -1.65698075e+00 -9.60479379e-01  1.06371880e+00
  -2.21674070e-01  6.11406744e-01  1.28296399e+00 -3.92373860e-01
   3.50409091e-01  1.61472535e+00  1.29081523e+00  6.20094359e-01
  -1.63577390e+00  1.07600427e+00  1.06925702e+00 -1.27819479e+00
  -1.07541919e+00 -4.31062311e-01 -9.89119351e-01  2.48751834e-01
   1.70082688e+00  1.20052123e+00  2.01094890e+00  6.79233789e-01
  -1.15616179e+00  1.27620614e+00 -4.89788860e-01 -1.61111903e+00
   7.49467850e-01 -4.74821538e-01 -1.18053317e+00  4.69226599e-01
  -1.83685064e-01  1.89246144e-02  4.95014071e-01 -2.28654996e-01
   1.18719172e+00 -7.13007823e-02 -1.94855607e+00  1.16522074e+00
  -8.91106188e-01 -7.94530153e-01 -4.42046672e-01  1.33661914e+00
   4.39589620e-01 -8.78545463e-01 -8.53755355e-01 -3.16762805e-01
   2.21870497e-01 -1.67933273e+00  1.46949157e-01  1.86936271e+00
   2.81642526e-01 -2.32103579e-02  1.47990072e+00  8.51584435e-01
  -1.73068404e+00  1.18681505e-01 -1.43036091e+00  6.68257475e-01
  -5.68729103e-01 -6.85937628e-02  1.56957060e-01  1.58828765e-01
   4.39711839e-01 -2.40446493e-01  8.11482370e-01 -1.11974466e+00
  -2.54340231e-01 -1.84777403e+00  2.14203072e+00  2.24519634e+00
   7.16219664e-01  8.27413499e-01 -6.17613912e-01 -2.00732201e-01
  -6.06906772e-01  4.18000072e-01  3.23174328e-01  2.93157190e-01
  -1.72365129e-01  6.54259145e-01 -4.43567067e-01  8.09432328e-01
  -5.98332845e-02  1.65092993e+00 -1.56104803e+00 -4.07262117e-01
   1.00362110e+00  1.54872608e+00  5.39388239e-01 -2.57135063e-01
   2.20467076e-01  2.38729382e+00 -9.16867137e-01  1.23147762e+00
  -2.22022128e+00 -7.72457838e-01  2.77706206e-01  1.81638169e+00
   1.44210422e+00 -5.81683397e-01  2.32361531e+00  1.94233060e+00
   7.71839261e-01 -7.20722854e-01  1.22154616e-01  1.95174313e+00
  -5.75367868e-01  1.38073885e+00 -9.28544402e-01 -8.72855961e-01
  -5.91142118e-01 -4.00468290e-01 -1.77353656e+00  1.65959731e-01
   6.75018728e-02  1.58364069e+00 -1.61276150e+00 -2.47650242e+00
   1.92697812e-03 -1.92896318e+00  2.89421976e-01  1.17403746e+00
   1.18801045e+00  5.70087969e-01  1.00316334e+00  1.34614408e+00
  -1.88357866e+00 -1.86093771e+00  3.17089975e-01  1.16006935e+00
  -1.20548546e+00 -1.89852223e-01 -1.82629907e+00  1.36675298e-01
  -1.82969317e-01  6.32876933e-01 -1.39640868e+00 -1.40948141e+00
   2.38806009e+00  2.72216201e-01 -1.37023479e-01  9.92574215e-01
  -4.63648498e-01 -1.19490302e+00 -1.51323330e+00  1.20320432e-01
  -3.23601246e-01 -7.48024702e-01 -5.21104097e-01  1.17355919e+00
  -1.94060043e-01  2.07672790e-01  2.59107560e-01  1.24957085e+00
   1.26313734e+00  1.01699638e+00 -7.45290564e-03  6.58112317e-02
  -7.08541036e-01  2.07900262e+00  4.51905072e-01 -1.40256178e+00
  -2.20970511e-01 -5.77693820e-01  1.12444127e+00 -4.77839082e-01
   3.37498099e-01  1.29344845e+00  1.86722553e+00  5.94384849e-01
   5.17691135e-01 -9.65338051e-01  1.12153530e+00  5.28974593e-01
  -4.42333668e-01  2.20322847e-01 -1.17291808e+00 -8.78127217e-01
   1.92114472e+00 -1.91797614e-01  2.47587249e-01  7.18501925e-01
  -9.84459460e-01  6.26484573e-01  9.89366531e-01 -4.14303124e-01
  -7.94808924e-01  4.63005811e-01  7.76105762e-01 -1.84483969e+00
   1.99309504e+00  3.23556900e-01 -5.10786653e-01 -6.26184821e-01
  -2.90825993e-01 -9.33902383e-01 -3.98707896e-01 -2.04606223e+00
  -3.18990493e+00 -1.38987589e+00  1.06788921e+00  1.22082531e+00
   1.01984012e+00 -2.90419638e-01 -3.25318992e-01 -9.45362806e-01
  -1.36433309e-02  7.03380585e-01  3.46285343e-01 -6.74726069e-01
  -9.50861573e-02  6.34178579e-01  1.80900598e+00  5.70130587e-01
   1.99618101e-01  3.79302591e-01  9.75235552e-02  8.04466128e-01
  -2.44686529e-01  8.53421390e-02 -4.45273995e-01  6.53591394e-01
   4.65319306e-01 -1.46945524e+00 -5.30961931e-01 -3.28830391e-01
   1.27768964e-01 -3.67231786e-01 -1.24344659e+00  7.37851322e-01
  -3.20275784e-01 -6.82358444e-01 -7.96692252e-01 -1.58201909e+00
  -6.12335324e-01  2.81727202e-02  4.89301562e-01 -4.63936478e-01
   9.27286804e-01 -1.96434391e+00 -3.20595771e-01  1.35129583e+00]]"
n000003_0002_01.jpg,1,-1,-1,1,-1,1,-1,-1,0,1,-1,1,-1,-1,-1,-1,-1,1,1,-1,0,-1,0,1,-1,0,0,-1,-1,1,-1,1,-1,-1,0,0,-1,0,0,-1,-1,-1,1,-1,1,-1,-1,"[[-0.04917555 -0.12558521 -1.1821512   3.2445166   2.181793   -1.6779853
  -0.3021384  -0.3206566  -0.24125905 -1.0243176   0.32038173 -1.139639
   1.4605756   0.50983864 -2.547867    0.47303718  1.0123609  -0.27561542
  -0.23155643 -2.38251    -1.9820467   1.3026478  -0.3163666  -0.29544377
  -0.13943431 -1.5326298  -0.4149634  -0.09960636 -0.27879766 -2.509272
  -2.1165807   0.68243337  0.6691516  -0.1804813   3.242832   -1.1626943
  -2.0381782   0.06078174  0.09825829 -0.6486664   1.404576    0.95273316
   0.8409268  -0.64105785 -1.3389244   0.9926161   0.07527135 -1.9854163
   1.1708944   1.4865319   0.8168715   0.5212464  -1.8254026  -0.3353513
  -0.29121876  0.21753494  0.92534006  0.14081733  0.944326    0.5754642
   0.37423494 -1.2039919  -0.43899333 -0.6376542   0.03619015  1.7130723
  -0.9086636   1.8517964   1.1750394  -0.3213131   0.27096766 -0.7179783
  -0.19585362 -0.50030977  1.1772412   1.5513393  -0.4226615  -0.9435256
   0.10203423 -1.3734721  -0.44382587  0.6921403   1.6202072   0.31679088
  -0.15919086 -1.6994017  -1.4848853  -1.0121119  -1.0678592  -0.8476336
  -0.5249722   0.39222485 -0.14882377 -1.1937569   1.0455067  -0.13753223
   0.7955008   0.42918172 -1.42283    -1.8271947   0.15666406 -0.11381591
   1.3578826  -1.5498857   0.9517357   1.5162529  -0.42111966  0.02613848
  -0.7431599   1.1666832   0.01794444  1.2921275  -0.38985905  0.35413417
   2.0613346  -0.01913035 -0.22324084  1.2941964  -1.7397923   0.5048725
  -0.81706464  1.1870569  -0.09880842 -0.4131269  -1.4413229   0.80461246
  -1.269498    2.467319   -2.9517224   0.770153   -0.9755163  -1.034089
   0.25848645 -0.02015996  2.0261655   0.49245888  0.1101573  -0.806548
  -0.19797142 -0.62524986  0.14048548  0.4290273   0.58723116  1.9907664
  -1.7552933  -0.35257286 -0.37734962 -1.1691393  -0.6576976  -2.0020952
  -3.672727   -1.4352556  -0.6188725   0.31432998 -1.4311558   1.6454066
  -0.14361724  0.25221694 -0.5881023   1.141756   -0.9498449   0.43297157
  -1.6331325  -0.5058156   0.26649243 -0.9006628  -0.94755006  1.3577987
  -1.5265942  -0.3532651   0.803206    0.3995011  -1.4350276   0.5817878
  -1.1983145   1.374917    0.8856865   0.10566325 -3.137089   -0.512838
  -1.1481341   0.29808447  1.4187524   0.1481174  -0.3219376  -0.75828195
   0.23839419  0.30140337  0.8921158  -1.8732803  -0.24691574  0.7805801
   2.0883806   0.5624766  -0.88799185 -0.31232277  1.4682094   2.7912102
   0.42760202 -1.1689839  -1.0446771  -0.30611536  0.8197721  -2.8244076
   0.84498024  0.28675538  0.33207226  1.1949072   0.38551185 -1.4779729
  -0.01661066 -0.17874795 -1.5380847   0.6316817   0.7098391   0.37642995
  -0.57150966  0.24705188 -0.15729345  1.1257536   0.05123531  0.8526507
  -0.11359048 -1.0388954  -1.0687611  -0.8713948   0.526563   -0.7211786
  -0.19913131 -0.13316762  2.7599854   0.9854276   0.08479664 -0.8765235
   2.7211044  -0.9143673  -1.4842858  -0.46614802 -1.7128005  -0.28356418
  -0.8237466  -0.5832001  -1.5189711   0.2029816  -0.544145    0.20449793
   0.46998054 -0.26961145  0.67568344 -0.75311434  0.20828529 -0.8781879
  -0.18083751 -1.4562285  -0.7872326  -0.4310586 ]]"
n000003_0003_01.jpg,1,0,0,-1,-1,1,-1,-1,0,0,-1,0,-1,-1,-1,-1,0,-1,1,-1,0,-1,0,1,-1,0,0,-1,-1,1,0,1,-1,-1,0,0,-1,0,0,-1,-1,-1,0,-1,1,-1,-1,"[[-9.56622422e-01  1.93614185e-01 -1.50091517e+00  9.31959748e-01
   8.73918593e-01 -1.36595309e+00 -8.35556090e-01 -8.19175422e-01
  -8.36766005e-01 -5.33610523e-01 -3.78723741e-02  6.45093441e-01
   6.24657035e-01 -3.53161883e+00 -1.29325593e+00  5.17778546e-02
  -3.48304957e-01  1.11000466e+00 -8.91763389e-01 -1.30368578e+00
  -2.37296849e-01  2.91424364e-01  5.44571541e-02 -6.90796822e-02
  -6.51265442e-01 -7.83384919e-01  2.53957450e-01  1.03463197e+00
   8.74985635e-01 -1.62001693e+00 -1.18203640e+00  7.51163900e-01
   1.15249717e+00  5.93074739e-01  8.41093659e-01  1.66225386e+00
  -9.52237606e-01  7.09007800e-01 -1.56708395e+00 -1.77782074e-01
  -7.37019032e-02  1.11716032e+00  6.33668780e-01 -6.39844477e-01
  -1.17915618e+00  1.06716804e-01 -1.09661233e+00 -1.59772003e+00
   4.05266017e-01 -2.03685030e-01 -6.50771379e-01 -5.36084652e-01
  -4.88862991e-01  1.30860120e-01 -2.76408345e-01  8.10068011e-01
   5.64415902e-02 -8.00301731e-01  1.32770777e+00  1.74969280e+00
  -1.35350570e-01 -6.08602822e-01 -1.40804124e+00 -1.70043957e+00
  -4.46329340e-02  1.33738089e-02  3.60856980e-01  9.21521187e-02
  -8.00070763e-01 -9.26800787e-01  1.71204937e+00 -7.91179538e-01
  -7.81538725e-01  4.06812429e-01 -2.51602679e-01  1.80783653e+00
  -1.00392854e+00 -3.27560723e-01 -1.43863595e+00 -9.10319686e-01
  -8.44492495e-01 -8.19550097e-01  4.11818743e-01  1.14716269e-01
  -1.02028918e+00 -1.39997327e+00 -1.16555667e+00 -9.98549283e-01
  -1.35989404e+00  5.04529953e-01 -1.24463451e+00  2.14734346e-01
  -1.69557667e+00  4.95631620e-02  9.89546418e-01 -1.18328646e-01
   6.34263754e-02  6.30274773e-01 -1.17719495e+00 -1.16405022e+00
   2.27115691e-01  5.62599599e-01  1.75866973e+00 -8.47281158e-01
   5.36421835e-01  3.28147002e-02 -7.82464087e-01  5.20583034e-01
  -9.31546748e-01  6.25711620e-01  7.28515148e-01  6.43501222e-01
   1.16726434e+00 -2.88991570e-01  9.74167466e-01 -2.12722629e-01
   4.25815910e-01 -2.30656758e-01 -1.29818702e+00  6.97711408e-01
  -2.09086919e+00  9.72225010e-01  5.73738962e-02  3.89048696e-01
  -4.58498925e-01  3.42966986e+00 -4.34343696e-01 -4.52537715e-01
  -8.61607373e-01 -4.65934187e-01 -1.10590994e+00 -1.08215854e-01
  -2.22639069e-01  9.53140616e-01 -3.86482060e-01  1.75722885e+00
   5.80999613e-01 -3.52361858e-01  8.41610953e-02 -1.44975173e+00
  -3.13850582e-01  3.92930835e-01  9.68428731e-01  1.66390443e+00
   3.07246387e-01  8.41347158e-01 -4.00215983e-01  4.44723368e-01
   5.88861823e-01 -2.15778753e-01 -1.14376163e+00  2.46725529e-01
  -1.28658429e-01  1.72371924e-01 -2.09039912e-01  7.80569613e-01
  -1.42401361e+00  3.61948180e+00 -8.54209781e-01 -6.29124701e-01
  -8.06673229e-01 -2.35866994e-01 -1.13626361e-01  2.29446009e-01
  -7.31916308e-01  3.63288730e-01  4.92169634e-02  1.37480512e-01
   7.75915563e-01 -1.88197359e-01 -2.62548532e-02 -8.01025927e-01
   8.50819573e-02  2.71430425e-03  2.17962131e-01  5.06599784e-01
   2.57662624e-01  3.24112356e-01 -6.53338194e-01 -5.53194165e-01
  -1.54322669e-01  4.74670045e-02  7.91193485e-01 -3.87095243e-01
   5.23025453e-01 -1.41340423e+00  4.35255989e-02  2.63473541e-01
   1.19808733e+00 -2.09487841e-01 -5.87703049e-01 -1.73355386e-01
   1.08344197e+00 -8.99914950e-02  5.58893383e-01  1.34118959e-01
   1.28360283e+00  7.37409368e-02 -5.12925804e-01 -1.24503088e+00
  -2.51318872e-01  4.51480389e-01 -8.77980143e-02 -6.65978849e-01
   4.32512239e-02  7.88681507e-02  1.11039472e+00  6.26107514e-01
   6.03715897e-01 -8.60733613e-02 -3.67488340e-02  6.58670068e-01
  -5.77813923e-01  1.00385457e-01  7.38655269e-01 -7.02585876e-02
   5.25026284e-02  1.13086951e+00  6.33935213e-01  7.89194942e-01
   6.32821620e-01  8.83778155e-01 -5.46515584e-01  4.57021415e-01
  -7.70792961e-02 -4.57756966e-01  8.79553556e-01 -8.13349843e-01
   6.12594187e-01 -6.45123050e-02  1.22244680e+00  1.74064255e+00
  -6.89787924e-01 -5.18031895e-01  1.36926746e+00  9.70886827e-01
  -1.31275073e-01 -4.06550199e-01 -1.08015704e+00  2.04815671e-01
   1.52324036e-01  3.28338087e-01  2.33432695e-01 -1.08156133e+00
   4.17759240e-01  1.04284358e+00 -1.76619112e+00 -5.53717554e-01
   1.02677953e+00 -2.81637628e-03 -1.00795972e+00 -1.18920267e+00
  -5.54670274e-01 -1.51858032e+00  6.30601943e-02 -3.56930763e-01]]"
n000004_0005_01.jpg,1,0,0,-1,-1,1,-1,-1,0,-1,0,0,-1,1,-1,-1,1,-1,0,0,0,0,0,1,-1,0,0,0,-1,1,-1,0,-1,-1,0,0,-1,0,1,-1,-1,-1,0,-1,1,-1,-1,"[[-1.36222935e+00  1.34296671e-01 -8.36483955e-01  2.33704901e+00
   8.86262476e-01 -1.25535309e+00 -1.29790559e-01  1.12208739e-01
  -1.11377501e+00 -1.69760215e+00 -6.64849043e-01  6.53760791e-01
   9.90407288e-01 -9.52553451e-01 -2.34076047e+00 -3.78096104e-02
  -5.76268733e-01  6.71038926e-01 -8.68774578e-02 -1.83569539e+00
  -2.09676817e-01  1.32598317e+00  3.66864741e-01  4.46542889e-01
  -4.58707809e-01  2.21278727e-01 -3.76857892e-02 -3.83776605e-01
   7.80482709e-01 -1.17984807e+00 -2.19124961e+00 -7.14313984e-01
   1.32022643e+00 -2.34904498e-01  2.10963631e+00  1.62650454e+00
  -3.65917087e-01 -1.49426982e-01  1.69595823e-01 -1.70426691e+00
   5.40949345e-01 -3.67354095e-01  1.20106973e-01  4.82868314e-01
  -7.62860894e-01  4.03236806e-01  1.56164443e+00 -7.03954339e-01
  -1.88468080e-02  1.61592841e-01  7.57973075e-01  2.25090489e-01
  -3.32248688e-01 -5.38266301e-01 -8.09292961e-03  8.39241982e-01
   1.06783199e+00  1.13320422e+00 -6.76548123e-01  9.57295418e-01
  -1.01897508e-01 -2.20172930e+00 -6.19835496e-01 -1.57659352e+00
  -8.66537690e-01 -2.72800326e-01  6.69145048e-01  5.36854148e-01
  -1.33206213e+00 -1.25554192e+00  2.47662854e+00 -3.64970118e-01
  -7.48324871e-01 -2.98350826e-02 -1.53023148e+00 -1.78483680e-01
  -1.75215888e+00  1.94743350e-01  1.18461497e-01 -9.22537327e-01
  -2.09943891e-01  6.73009157e-01  2.07143617e+00  1.02929020e+00
   5.87408662e-01  3.10450435e-01 -1.22657335e+00 -1.23338819e+00
   1.39638388e+00 -9.05935824e-01  1.02878141e+00  4.82544690e-01
  -1.18691556e-01  1.99770167e-01  1.41714060e+00 -1.92354357e+00
   1.00315499e+00  4.59526628e-01 -1.82594967e+00 -9.01691437e-01
   1.80494738e+00  3.95510495e-01  1.70196936e-01 -9.78586450e-03
   9.77173805e-01  4.21934068e-01 -1.12373137e+00  1.20703387e+00
  -4.66128945e-01  1.15668106e+00 -1.35357812e-01 -5.36084808e-02
   4.74634200e-01 -1.50041187e+00  9.29724574e-02  3.55353534e-01
  -7.15044141e-01  1.99341929e+00 -9.28993583e-01 -3.44313860e-01
  -1.08831242e-01  3.51441592e-01 -1.35293567e+00 -5.26550353e-01
   2.51692474e-01  2.52997088e+00  5.78023195e-01 -5.81733525e-01
  -1.59494209e+00  1.16199538e-01 -1.55875885e+00  3.18557709e-01
   1.09264940e-01  6.69691801e-01  1.57123172e+00  1.09875858e+00
  -5.66883624e-01  1.25956488e+00  2.59173489e+00 -4.63535696e-01
   8.05467486e-01  8.87136906e-02  2.04213470e-01  1.81968963e+00
   4.99520302e-01  1.94218290e+00 -1.85133743e+00 -5.21266507e-03
   3.26400131e-01  7.62241244e-01 -6.93655461e-02 -9.56372619e-01
  -9.09193218e-01  4.78651047e-01 -4.39764947e-01  2.73254067e-01
  -1.22277164e+00  2.85467029e+00 -3.50045711e-01 -1.22552380e-01
   2.05715370e+00 -4.14583027e-01 -1.09286010e+00 -8.44043911e-01
   2.17552042e+00 -5.11368573e-01  1.93808172e-02 -7.32548356e-01
  -1.37184143e+00 -1.25802353e-01  1.20238829e+00 -1.88031232e+00
  -2.03854442e+00 -1.61819541e+00  1.81109464e+00 -5.18842787e-02
   5.98882794e-01  1.01231670e+00 -2.14266515e+00 -1.10045159e+00
  -9.57112968e-01  1.56116441e-01  1.51352036e+00 -7.91480005e-01
   3.78914952e-01 -1.60813951e+00  1.41568318e-01  4.64583188e-02
  -2.24107847e-01 -1.82409585e+00  2.62942284e-01  8.49161029e-01
   9.45269838e-02 -1.56236303e+00 -3.69515240e-01  2.86693089e-02
  -8.04486513e-01 -9.07168329e-01  2.69514769e-01  1.62435007e+00
  -5.90336680e-01 -2.52974987e-01  1.61853635e+00  6.13589764e-01
   4.94823456e-01  8.25060546e-01  5.98681331e-01  2.50542784e+00
  -7.86167860e-01 -1.01407051e+00 -1.41422018e-01 -6.55724049e-01
   4.62304473e-01 -2.59074336e-03  2.89343476e+00  8.36066306e-01
   9.69551444e-01  2.36926579e+00  1.24561524e+00  2.46467710e-01
   5.21677613e-01  6.65908217e-01  2.96003930e-03 -6.67652965e-01
  -9.10030529e-02  7.16172338e-01 -1.58902359e+00 -6.84588969e-01
  -1.65118098e-01  7.21501052e-01  1.11797631e+00  4.38629761e-02
  -7.69129634e-01  3.59211057e-01  5.49594343e-01 -5.69628537e-01
  -1.05875075e+00  5.02549231e-01 -5.46458483e-01  8.99407327e-01
   6.02659225e-01  5.34793437e-01  4.88045216e-01  4.31166917e-01
  -3.97728860e-01 -2.69044518e-01 -1.20944309e+00 -2.17336369e+00
   1.21044087e+00 -6.22356057e-01 -5.32191932e-01  9.84789550e-01
  -9.67658639e-01  5.86412609e-01  3.48003656e-01 -1.10263455e+00]]"
n000004_0006_01.jpg,1,0,0,-1,-1,1,-1,-1,0,-1,0,0,-1,1,-1,-1,1,-1,-1,-1,1,-1,0,1,-1,-1,0,-1,-1,1,-1,-1,-1,-1,0,0,-1,0,1,-1,-1,-1,-1,-1,1,-1,-1,"[[-1.17038155e+00 -7.78580546e-01 -8.59459162e-01  2.36335492e+00
   1.45868659e+00 -1.05543923e+00 -2.84634173e-01 -4.91120964e-02
  -9.88079250e-01 -8.01717520e-01 -9.11061168e-01 -6.87960759e-02
   1.70747769e+00 -2.52326608e+00 -1.13628924e+00 -4.54708457e-01
  -3.24367017e-01  1.73862731e+00  1.05423987e+00 -1.04258120e+00
  -9.75370049e-01  6.79113686e-01  2.78741479e-01  4.63660449e-01
   8.36976945e-01  1.43771017e+00 -3.01914215e-01  6.30695969e-02
  -2.44159564e-01 -8.85857701e-01 -1.64608526e+00  4.32087570e-01
   1.17014480e+00  4.91104364e-01  1.44436491e+00  1.39987934e+00
  -2.35346660e-01 -6.16157413e-01 -2.01544315e-01 -4.03053015e-01
  -4.72300127e-02 -7.73261726e-01  7.30124712e-01 -9.25879061e-01
  -8.99565160e-01 -4.82801527e-01  5.53214729e-01 -2.00813577e-01
   2.23598301e-01 -3.75469059e-01 -1.54288745e+00 -3.79554152e-01
  -2.08637500e+00 -2.74187803e-01  7.71116555e-01  4.17529196e-01
   1.31597519e+00 -3.96836817e-01  7.08858490e-01  1.33111787e+00
  -3.26694995e-01 -5.49233794e-01  4.34540540e-01 -1.36108243e+00
  -9.36133087e-01  7.40056574e-01  5.61414778e-01 -1.94714397e-01
  -1.17442858e+00 -1.40752077e+00  1.24615216e+00  3.66092399e-02
  -7.12043285e-01  5.13526797e-01  7.10971951e-02 -2.31406361e-01
  -9.47905362e-01  3.10202062e-01 -2.12491676e-01 -3.47416610e-01
   1.62527338e-01  9.64831114e-01  1.74282765e+00  9.15786326e-01
   1.31349516e+00  2.72514731e-01 -1.92326510e+00 -2.50410587e-01
  -2.86764234e-01  3.73981029e-01 -3.20109993e-01  7.66339064e-01
  -1.41584635e+00  1.10183167e+00  1.08406723e+00 -2.53970683e-01
   2.20785093e+00  9.61515866e-03 -1.65118706e+00 -1.49531054e+00
   1.28746963e+00  1.01218164e+00  1.13674271e+00 -1.75852656e-01
   9.35802400e-01  1.58415067e+00 -1.75527900e-01 -2.54241377e-01
  -3.15630168e-01  7.74867415e-01  4.16901141e-01  1.75845540e+00
   4.15936634e-02 -3.60457122e-01  2.10691094e+00 -3.87991890e-02
  -9.10787165e-01  3.89371485e-01 -6.82243764e-01  1.58176684e+00
  -1.19035885e-01  1.24020839e+00 -1.11311746e+00  7.10820317e-01
  -1.83331400e-01  3.14745641e+00 -5.45419097e-01 -1.23933530e+00
  -2.49214911e+00 -1.01104140e+00 -1.22163892e+00 -1.26195467e+00
  -3.87736440e-01  9.88470256e-01  1.08334267e+00  1.41339362e+00
  -2.66828388e-01  7.96411857e-02  1.21758616e+00 -4.44739908e-01
  -2.08558738e-01 -8.23627353e-01  4.27445143e-01  1.08086395e+00
  -3.48146521e-02  1.98416442e-01 -5.93205214e-01 -7.96029046e-02
   2.31457978e-01 -1.73545823e-01 -9.71600473e-01  5.53051054e-01
   5.44921398e-01 -3.16167742e-01 -1.50759101e+00 -3.19166094e-01
  -9.02466297e-01  2.29058766e+00 -1.40592253e+00 -1.41858473e-01
   6.95235610e-01 -3.93590361e-01 -2.56061465e-01  1.32349670e-01
   6.46478087e-02  1.62929609e-01 -1.19928730e+00 -7.05817819e-01
  -7.15844750e-01 -7.45664060e-01  3.14018667e-01 -5.42351425e-01
  -1.77069187e+00 -6.99817538e-01  2.49171909e-03 -4.71760899e-01
   1.74122646e-01  1.20767045e+00 -2.87701917e+00  1.58165443e+00
  -4.53359753e-01 -1.64988376e-02 -3.39351416e-01  2.63661325e-01
  -1.54295933e+00 -1.00700045e+00 -1.05922639e+00  2.66989022e-01
   8.47621381e-01 -1.51088476e+00 -1.50218546e+00  3.60303730e-01
   7.49865472e-01 -1.41078758e+00  9.35258031e-01  8.07861388e-01
  -4.23895210e-01  6.43221855e-01  1.16755164e+00 -1.60870552e+00
   1.16959132e-01  4.88552332e-01  9.44878221e-01  2.34353676e-01
  -7.64138222e-01  4.81910020e-01  2.04703271e-01 -1.02171218e+00
   4.35754448e-01  4.59730029e-02 -1.55994439e+00 -2.64926404e-01
  -1.54409651e-02 -2.90331542e-01  2.00991130e+00 -2.21131116e-01
   2.15053320e-01  1.47866035e+00  6.59131110e-01  6.37120724e-01
   4.17034090e-01  1.56708062e+00 -1.26694635e-01 -7.27503374e-03
  -8.63604188e-01  1.25215188e-01 -3.34187508e-01 -8.90428722e-02
   6.48502529e-01  3.52623969e-01  6.15349114e-01  1.06631851e+00
  -5.96433342e-01 -1.43013310e+00  2.10961133e-01  1.17780983e-01
  -8.45059216e-01  9.81502116e-01 -1.62143719e+00 -1.23843081e-01
  -1.73185300e-03 -2.10706055e-01 -5.33272266e-01  1.20921040e+00
   3.42035860e-01  4.67531562e-01  3.59707505e-01 -1.00326419e+00
   1.03549933e+00 -7.41460562e-01 -1.33162510e+00 -6.86979175e-01
   1.55943796e-01 -9.72066000e-02 -1.05911589e+00  3.46421957e-01]]"
n000004_0010_01.jpg,1,0,0,-1,-1,1,-1,-1,0,-1,-1,0,-1,1,-1,-1,1,-1,0,0,0,0,0,1,-1,0,0,0,-1,1,-1,-1,-1,-1,0,0,-1,0,1,-1,-1,-1,-1,-1,1,-1,-1,"[[-0.23728372  0.05997767 -0.9441774   1.878057   -0.09077552 -2.4998653
  -1.6842669  -1.7022047  -0.6802495  -1.045335   -0.3947459  -0.6921739
   1.0623808  -2.206633   -1.3283572   0.11186935  0.6311174   2.2798545
   0.3330021  -2.1791174  -0.72239095  1.0570407  -0.38764885 -0.5276484
   0.44385663  0.39419752  0.13754366 -0.03894965 -0.0359489   0.20224433
  -1.737422   -1.4645692   1.12218     0.33291587  1.1747985   1.9176768
  -1.3958069  -0.72604287 -1.397296   -0.09624075 -1.2177763   0.86849767
   0.99656284 -1.6133511  -1.6591496  -1.6200052   0.2215241   0.00615434
   1.2293009  -0.4060367  -2.339855   -1.9036592  -0.41547054 -0.5324285
   0.15945627  0.23362248  1.5667112  -2.0668762   0.34268424  0.93465054
  -0.63617283 -0.6542666  -0.74737036 -1.1481131  -0.34967634 -1.1941363
   0.68746984  0.8361949  -1.2353855  -1.1844702   0.23141882 -0.8493803
   0.2796803   1.2900403   1.1375703  -0.23305859 -1.8657693   0.24432473
  -0.94827455  0.05034577 -0.14939937  0.3432778  -0.2731499  -0.6122029
   1.6349896  -0.71785396 -1.550653    0.14258131 -0.20947342 -0.8497324
   0.18412393  0.38470152 -1.2710788   0.16261156  0.36378953  0.01532668
   2.2996767   0.90239656 -1.6743646  -1.2572943   1.9511613   0.5520642
   0.20633899 -0.5174571   0.2771746   1.1805067  -0.98928404  0.4109661
   0.00963691 -0.60953534  1.3502902   1.8946446   1.1709721  -0.17564249
   2.0496807  -1.0132176  -0.35156912  0.25883332 -1.0235763   2.59501
  -0.9505156   1.6617535  -1.1770812   0.7584233   0.32561532  1.509264
  -0.32547936  0.15270247 -0.75745195  0.3827739  -1.0426352  -0.55896866
  -0.29791373  1.3441471   0.56855184  1.0210207  -0.30760777  1.5638926
  -0.00869047 -0.7790092  -0.7486185  -1.0375448   1.3203002   0.56171334
   0.27728924  0.5781338   0.86869854  0.78576756  0.637622    0.1467556
  -0.41167125 -0.47806436  0.07548032  0.8609842  -0.28960142 -0.26185438
   0.89429873  2.387374   -1.2306119   0.10959228 -0.3082281  -1.152644
  -0.47273993 -0.39977783  0.01795189 -0.26037955  0.39980623  0.00610163
  -0.51954377  0.90993315  0.1943281   0.9289096  -1.4366759  -0.57652783
   0.16669779  1.5785868   1.2769239   0.42953232 -1.2189076   0.7399168
  -1.1211606   0.0139325  -0.3391074  -0.4407735  -1.015904   -0.98542744
  -1.4278504   1.3151677  -0.1644588  -0.9297719  -1.4307475  -0.5007741
   1.126763   -0.13241461  2.6052766   1.9064916   0.60896754  1.7792872
   1.3632668  -0.4115651  -0.64185137  0.3653851   0.52650493  1.0200734
   0.23550433  0.13854538  0.83088803 -0.5229615   0.07318456  0.38057652
   0.84062755 -0.07676654 -0.37094393  0.9535966   1.9109008   0.03504261
   0.11278011  0.44595143  0.8471605  -0.33408812 -1.3599848   1.0001726
   0.3986599   0.34825706  1.4820672  -1.5043575   0.5517507  -0.5228044
  -0.8564482  -0.00732282  2.133866    0.7332604   0.9489425   0.27180097
  -0.06802131  0.18854967  0.19909838 -0.3086413  -0.38982275 -1.4467332
  -0.22623813 -0.02667167 -0.6955682  -1.5461737   0.14789748  0.04333165
  -0.15217277 -0.02706714  0.91477937  0.69973654 -0.7437541  -1.6463741
  -0.6055738  -0.44458997  0.05066932 -0.13687271]]"
n000005_0001_01.jpg,1,0,-1,-1,-1,1,-1,-1,-1,-1,-1,-1,-1,1,-1,-1,-1,-1,1,-1,0,-1,-1,-1,0,0,-1,0,1,-1,0,-1,-1,-1,0,-1,-1,-1,1,-1,1,-1,-1,-1,0,-1,-1,"[[-2.4042716  -0.60077906 -0.11122541  0.6564071   1.8169379  -0.09128872
  -1.7254597  -0.701606   -1.5366435  -1.4749929  -0.98649037  0.08077018
   0.9810669  -1.2554625  -0.99457085  2.592787   -0.9842291  -0.5379842
   1.113672   -2.1919854   0.05038241  1.478066   -2.7358246  -0.9256093
   0.7088942  -1.3660944   1.1165893   1.0422845   0.5311267  -0.27659172
  -1.7187402   0.3208793   0.05207122 -0.537086    1.0675352  -0.15680525
  -0.25337404  1.5508603  -0.7755415   0.06232701  0.31952527 -0.04712238
   1.3038323  -0.14899987  0.52606124 -0.41280606 -0.3740763  -0.1972947
   2.331936    2.2339542   2.894663    0.40255788  0.97469777  0.6924972
   1.6120429  -0.33929068  0.99244314  1.1459143  -0.37625542  0.13738449
   0.39299962 -1.7636847   1.1055557  -1.4431483   0.35155562  1.2098069
  -0.20610957  1.2179799   1.1577414  -0.7018713   0.6063927   0.13748497
   0.16053446  0.24525118 -0.9245388  -0.8531956   1.0780616  -0.87148076
  -0.7586918  -0.82268286 -0.56500334  0.93941116  0.56998277  0.01234254
  -1.0801959  -1.8193599   0.59526867  1.9787661   0.4781181   1.0183966
   2.356482    0.07500169 -1.1647648   0.18153782 -0.52002394  0.8014609
  -0.59668934  0.36400476  0.11170694 -0.3130333   0.15514097 -0.770223
   1.2821548  -1.8352519   0.50124085 -0.7107409   0.77887654  0.15541586
  -0.33057722  1.3077972  -1.6344829   1.9929134  -1.9334693   0.53068423
  -1.4936643   1.1668743  -0.7456198   1.6965001  -1.4153044  -1.0377632
   0.74315655 -0.10091487  0.51023465 -0.04415147 -1.1644001  -0.20205864
   1.0418962  -0.8418952  -2.3539202  -0.0848629  -0.96118385  0.17512432
   0.07864748 -0.62059814  0.140133    0.7446661   0.06822446  0.58354676
   0.2060088  -1.0334343  -0.2685314   0.15588993  1.2569704  -0.72938186
  -0.39796823 -0.6510357  -0.00509579 -0.4769441   1.304544    1.7440094
  -0.9476741  -1.8119267  -0.6154764   1.0131409  -0.84093547  0.12086476
   0.2051185   1.2620815   0.51703113 -2.6838782   0.05389675 -1.4378467
   1.7301065   0.27815422  0.15056464  0.6073505   1.469541    0.07974206
   0.7244454   0.7420448   2.921333   -1.0150002   0.66642225  1.2552497
   1.044509    0.862371   -1.2856023   0.45713398 -0.4044461   0.3705921
   0.84869844  1.3594475  -0.20552486  1.034189    0.7423771  -0.24474382
  -1.6014103   0.3557027  -0.8045084  -0.9434389   0.49166027  1.0019839
  -0.45447612  1.193048    0.6286325   1.8879621  -0.52939093 -0.8681275
  -0.76037884  0.5507025   1.1658955   0.582289    0.3326184  -0.15620019
   1.6478857  -0.5919063   1.0879447   0.4648391  -0.3339027  -0.5882854
   1.3094157  -0.15893719  0.825007   -0.15213224  0.71431696 -1.7797847
  -1.7049615   0.51062316  0.7361239  -0.67999643 -1.145918   -0.24554348
   2.0477436  -0.10682309 -0.7695692   0.6039518   0.81850797  0.9523782
   1.8460895  -0.08708604  1.3609991   1.0006317   0.333764   -0.1436038
   1.1014857  -1.3627539  -1.0506939  -0.55182016 -0.63327354  1.2482412
  -0.2676869  -0.07802844 -0.7105729  -2.9583797  -0.446261   -0.82756674
   0.19272867  0.06661669 -0.8322195  -0.3319154  -0.85195196  0.63250774
   1.2921311   0.80757827  1.3232838   0.9537148 ]]"
n000005_0002_01.jpg,1,0,-1,-1,-1,1,-1,-1,-1,-1,-1,-1,-1,1,-1,-1,-1,-1,-1,-1,1,-1,0,-1,0,-1,-1,-1,1,-1,0,-1,-1,-1,1,-1,-1,-1,1,-1,1,-1,-1,-1,0,-1,-1,"[[-1.0152316  -2.0319042  -0.58487517  1.5283608   0.449329   -1.9626489
  -0.95182085 -0.1849772  -1.1456717  -0.5228963  -0.952339   -1.6083697
   2.1966193  -1.4479862  -1.5234294   0.6049968  -1.2347122  -1.5877163
   1.7155324  -1.8575493  -1.4510208  -0.15575013 -1.5602678   0.99387145
  -0.47966945 -1.5657647  -0.18876183 -0.4372886  -1.5805104  -1.1600147
  -1.1765873  -0.0898319   0.31627867  0.7583447   1.1977869  -1.882886
   0.38179526 -0.02736984 -0.0359301  -1.1276406  -0.06924316  0.2683016
   0.29958507 -0.35236856 -1.1260165  -1.0357823  -0.58810616  0.7851718
   0.05407524  1.9422323  -1.0014744  -2.4868815   0.28059253 -0.47254378
   1.175514    0.5766284   0.03782393 -0.86425495  1.719814    0.75630295
   0.58969843 -1.9678528   1.0651909  -1.5088968  -0.3857947  -0.8539277
   0.5576473   1.153402   -0.14810842  1.0772035  -0.22880247 -0.9611204
   0.8853433   0.12355594  0.5716362  -0.40957174 -0.03776103 -1.4841117
   0.86659896  1.5652361   0.09068023 -0.30388653 -0.81914216  1.7521583
   1.6886196  -0.93976206 -0.09138105 -0.03072833  2.0561998  -0.21602951
   3.0888627  -0.36290607 -0.60806274 -2.7316883   0.9840961   1.3828275
   0.5400025  -0.8805488  -0.574378   -2.3609433   0.02810269  0.02828493
   0.8069145  -1.6427268   1.0299854  -0.02250824  0.19427823 -0.03664754
  -1.1470728   0.32176605 -0.3101717   1.0622176  -1.2070265   0.80484676
   0.7758162   1.6821566  -0.46078628  0.6031793  -1.4694117   0.65902215
  -0.08335441  0.23735335 -2.4454007   1.3304275  -0.4693262  -0.6510962
  -1.7537692  -0.06784475 -0.02361089  1.0937454  -0.5015404   0.5015993
  -1.8429626  -1.026718   -0.5757836   1.9006945  -0.8481238  -0.7609053
  -0.03202043  1.504478   -2.0486164  -1.5669836   1.8816932  -0.16742599
   0.2923458  -0.14981231  0.76409006 -1.1130054   1.150415    1.7823646
  -0.34372258 -0.5018138   0.12534471 -0.64077973  0.40026915  0.05663275
   1.3425406  -0.47577184  1.8585407  -1.0577964   0.7791899  -0.9298226
  -0.9117591  -1.7431321  -0.62290823 -0.8747977   0.39724255 -0.51352805
   1.4674112   1.3218485   0.9905035  -0.48904538 -0.6654171  -0.06837426
  -0.39828128  0.7746021  -1.2153543  -0.38775247  1.6363324   1.3371824
   0.90434587  0.9815431  -0.5060288  -0.3604519   0.25538445 -1.177805
  -0.3235857  -0.02075178 -0.9899204  -0.48799396  0.11457655 -0.5259141
   0.28330222 -0.22754464  1.2919827   1.873867    0.31476715  0.12204509
  -0.96068895 -0.8713289  -1.2214164   1.533768    0.48574683  0.8310351
   0.779968   -0.9104977   1.3900982  -2.8463192  -0.8507747   1.3318737
   1.6543862  -1.824689   -1.1519163   0.02918962 -0.62286186 -0.8743588
  -0.9428749  -0.90386546 -0.84937763  1.6689893  -0.27285585  0.7586953
   1.6890668  -0.19524217 -0.39237708  0.6364903   1.2184336  -0.189914
   0.5660318   0.5796619   1.1213166   0.3325512   1.1929035  -1.2886335
  -1.2890302  -0.89504224  0.1841385   0.19987085 -0.3657989   0.6356349
   1.0508108   0.46056    -0.22465076 -1.4731287   0.17542058  0.04441085
   0.3616688  -0.66767436  0.12696745  0.179918    0.06436224 -0.47885036
  -1.0663836  -1.622453    0.17261648  0.5974153 ]]"
n000005_0006_01.jpg,1,0,-1,-1,-1,1,-1,-1,-1,-1,-1,-1,-1,1,-1,-1,-1,-1,1,-1,0,-1,-1,-1,0,0,-1,0,1,-1,0,-1,-1,-1,0,0,-1,-1,1,-1,1,-1,-1,-1,0,-1,-1,"[[-1.97653    -0.2439948  -0.20745762  1.8898911   0.70715964 -0.5355268
  -1.3152164  -0.5390481  -1.0013418  -1.2926042  -0.05512389 -1.8193659
   2.5358043  -0.36618778 -1.9569013   1.4185396  -0.51609653  0.4612514
   0.30884942 -2.8948514  -0.7600456   0.35936382 -2.5913513   0.3865732
   0.3354589  -1.483115    0.60632086  1.0813177  -0.8984296  -1.2632941
  -2.085048   -0.6447262  -0.27451435 -0.63890314  1.2038606  -0.39728105
  -0.28791216  0.43103498 -0.8021932   1.8056355   0.3315395  -0.21301568
   0.70902777  0.44162542 -0.35666493  1.2108766   0.20348798  0.05870274
   2.1842854   2.069689    1.2056723  -1.477408   -0.6315288   0.7222447
   1.6543516   0.07630322  0.6755033   1.4182042   0.8763799   0.7144689
   0.82267994 -2.2031286   1.2518618  -0.79846895  0.7425125   0.7502069
   0.05239621  0.519305    0.5961862   1.1671494   1.4306089  -1.2823497
   0.67685705 -0.6779437  -0.09236173 -1.6070243   0.8141769  -0.01779562
  -0.18922938  0.22670116  0.772226    0.48026797 -0.00611964 -0.03792662
   1.9557807  -1.2639182  -1.1563423  -0.3599167   0.19462205  0.6014519
   0.8020896   0.43284667  0.84447694 -0.6805198   0.53595746  0.1007143
   1.4380263  -0.4217858  -0.07119432 -0.43403658 -0.2678364   0.37201473
   0.35610098 -0.33099523  1.4860517   0.22546183 -0.02384811  0.58173686
   0.19717112  1.6453633  -1.6065006   1.394164   -0.8984789  -0.20475711
  -0.20708239  0.26243228  0.09998063  2.4313543  -1.0628961   1.2861443
   0.30869734  0.7085425  -1.0177488   0.82303536 -0.07533205 -1.5240072
  -0.22150952  0.43391287 -2.8249905  -0.74129987  0.40591604 -0.7505102
  -1.0614899   0.17317314 -0.12836437  1.2649249  -0.45655385  0.7660392
   0.93497723  0.426127   -0.07745335 -0.8551841   1.2340193   0.12409569
   0.12729134  0.11647439 -0.09326837  0.1092025   1.137628    1.4655383
  -1.9015325  -0.90020984  0.11536878 -0.41486993 -1.4670787   0.8479963
   1.3480501   0.5915083   2.4377387  -2.3375587   1.1221231  -2.301362
  -0.77856356 -1.389629   -0.2068237  -0.5891519   0.7972407  -0.5499392
   1.6456816   1.3990341   1.5001125  -0.95708907  0.685388    0.88203806
   0.83250046 -0.14388652 -0.9416558   0.5977795   0.46831295  0.9230243
   0.5530758   1.5062202   0.26614985  1.1462659   1.1466813  -0.34479815
  -0.6121509  -1.2776742   0.5591395  -0.72635865  0.09736729  0.34364232
  -0.26560983  0.9547263   1.1039287   2.232564    0.26410273 -0.00436506
  -0.90085953 -0.81224036  0.0992643   1.7195096  -0.02166377  0.47360125
   0.9097949   0.03505514  0.72661495 -0.74548495 -1.2922157  -0.06798235
   1.442723   -0.06312044 -0.14111882 -0.28973824 -0.27361304 -2.5605938
  -0.6560167   0.41548386  1.3742079   0.85299104  0.8520439   0.9645002
   0.8531755  -1.9023983   0.05700631  0.03427967 -0.12418836 -1.5137198
   0.28324842 -0.03195783  1.5488538   0.27833915  0.8101953  -0.69271183
  -1.1277057  -0.6806523  -1.5831397  -0.92543656 -1.1139668   0.80273986
   1.5020578   0.02658324 -1.215376   -2.1500216  -0.7115056  -0.8562996
   0.47755697  1.584118    1.6233485   0.16689263 -1.2549416  -0.29022846
  -0.37624365 -0.81698817  0.00576411  0.83127064]]"
n000006_0001_01.jpg,1,0,0,-1,-1,-1,0,-1,0,-1,-1,-1,1,1,1,-1,0,-1,0,-1,1,-1,-1,1,-1,-1,0,-1,0,-1,1,1,1,-1,0,0,1,0,-1,-1,-1,-1,0,-1,1,-1,-1,"[[ 1.2238615e-01 -1.0775890e+00 -3.0384734e-01  1.0173743e-01
  -9.0044010e-01 -1.2167484e+00 -1.0271660e+00 -4.0068305e-01
  -6.0204881e-01 -1.9871945e+00 -1.2971818e+00  9.3989402e-01
   3.3902287e-01 -1.2703522e+00  4.7759515e-01  1.2100729e-01
   1.4899275e-01  7.8926808e-01 -3.8073620e-01 -4.5631334e-01
  -7.2988689e-01 -1.1076001e+00  9.6797460e-01 -1.5839415e+00
  -4.8118940e-01 -8.5284621e-01  3.5979179e-01  1.1388310e+00
   8.0729026e-01  9.7263986e-01 -1.4119444e+00 -7.7583265e-01
   8.0416715e-01  1.3567500e+00 -1.1639193e-01  2.4524240e+00
  -7.0093888e-01  2.0950153e+00  4.2110972e-02 -2.0126343e+00
   2.0476326e-02 -7.0402586e-01  2.7087066e-01  1.7132886e-01
  -7.7167839e-01  2.3106459e-01 -8.9557588e-01 -9.7388792e-01
  -6.1004916e-03 -1.6686492e+00 -7.3867255e-01 -3.5230422e-01
   7.9184109e-01 -1.0354785e+00 -1.7568002e+00  2.3282914e+00
   1.2357390e+00 -3.1093991e-01 -1.6656506e+00  2.1431072e+00
   7.0055467e-01 -7.9496223e-01 -9.8381363e-02  2.0247655e-01
   1.6006184e+00  1.0172218e+00 -3.9905572e-01 -1.1009113e-01
  -7.6954919e-01 -8.3107494e-02  9.2393912e-02 -3.1916121e-01
  -1.5116551e+00  5.6731588e-01 -3.5019866e-01  1.0051680e+00
  -1.1296737e+00  4.0922615e-01 -6.2215436e-01 -1.0292146e+00
  -8.1276971e-01 -2.4594620e-01  6.6368806e-01  3.3990357e-02
   4.8982941e-02 -5.8567926e-02  7.2231090e-01  4.3090411e-02
  -4.4308683e-01 -7.4015722e-02  1.9055682e+00 -2.5082132e-01
  -9.9857455e-01  2.8264534e+00 -2.3992750e-01 -1.8196410e+00
  -2.2030392e-01  9.3818092e-01 -1.2026658e+00  3.7461171e-01
  -2.9607909e-02  4.4913319e-01  5.4485208e-01 -5.5500507e-02
   1.1070697e+00  1.0451454e+00  6.9688243e-01  5.7401389e-01
  -8.8542593e-01 -6.7485934e-01 -2.3424225e-01  1.9265178e-01
  -1.6052437e-01 -1.4982097e+00 -4.3627909e-01  5.7001494e-02
  -1.0575705e+00 -3.7256709e-01 -1.0325847e+00 -3.7176868e-01
  -1.5665560e+00 -3.7764511e-01 -6.7999497e-02  1.3443306e-01
  -1.3816415e-01  1.5782101e-01  6.4459842e-01 -1.8781080e+00
  -7.0413864e-01 -4.3130815e-01 -4.8078939e-01  8.7567335e-01
  -1.6607235e-01  4.5965061e-01  1.3732940e-01  1.3529186e+00
   3.3832046e-01 -9.4669741e-01  1.7214068e+00 -1.3933489e+00
   3.4599817e-01  4.6092966e-01  1.5015001e+00  1.2470758e+00
  -3.9724749e-01  8.2610738e-01 -2.7298939e+00  1.4544406e+00
   8.7019104e-01 -3.9989796e-01  1.6517241e-02 -1.9747753e-02
  -1.8084611e-01 -5.1246539e-02  5.6152129e-01 -1.6482849e-01
  -4.2898867e-01  7.7605307e-01 -2.5090022e+00 -8.5945839e-01
   1.2021842e+00  2.4831536e-01 -5.7274419e-01  7.9559648e-01
  -1.1403927e+00  2.4603453e-01  9.0567893e-01  5.0880057e-01
  -3.6325231e-03  1.8517925e+00  5.4660434e-01  9.5594126e-01
   1.1217785e+00  2.0546813e+00  8.6777109e-01  2.4864304e-01
   6.6579401e-01  1.7888057e-01  7.7092969e-01  1.0131582e+00
   4.2487207e-01 -9.8452210e-02  1.1653640e+00  1.5560458e+00
   1.5030780e+00 -2.1622100e+00  9.0805578e-01  3.1878176e-01
   3.5757443e-01  1.1883593e+00  1.7919823e+00 -6.4186203e-01
  -2.6753789e-01 -1.7506447e-01 -8.0084026e-02  2.0825018e-01
  -7.7481277e-02 -9.7174650e-01 -1.3528652e+00  1.8656517e+00
  -2.1568313e+00 -1.5996315e+00  1.3273846e-01 -1.1184630e+00
   4.1554180e-01 -1.7524599e+00 -2.5527626e-01 -1.1129504e+00
  -1.1631807e-01  6.9180578e-01  8.2087457e-01 -2.6770476e-01
  -1.1710927e+00  7.0391840e-01  6.8124282e-01  1.9525667e+00
  -7.5305796e-01 -2.2499564e-01 -1.1383625e-01  8.1526563e-02
  -1.1876415e-01  5.3973532e-01  1.1169791e+00  1.4761832e+00
   8.7104100e-01 -4.5064375e-01  8.7160581e-01 -6.4240646e-01
  -3.9009154e-01  9.1212571e-01  1.4134210e+00  6.8843442e-01
   8.3357686e-01  1.0821719e+00  5.2377522e-01  5.7907081e-01
  -3.4544456e-01 -1.3272073e-03 -1.4768655e+00 -8.8093525e-01
   5.1037353e-01 -1.7284606e-01  4.3249372e-01 -3.4923449e-01
   6.5969221e-02 -3.2831249e-01 -8.2205266e-01  6.1074919e-01
   1.2124114e+00  1.6605012e-01 -1.1289761e+00  1.2072578e-01
   4.7405598e-01 -1.7419289e+00 -4.4934085e-01 -1.9494504e-01]]"
n000006_0002_02.jpg,1,0,0,-1,-1,-1,0,-1,0,-1,-1,0,-1,-1,1,-1,0,-1,-1,-1,1,-1,-1,1,-1,1,0,1,0,-1,1,1,1,0,0,0,1,1,-1,-1,-1,-1,0,-1,1,-1,-1,"[[-3.67168665e-01 -7.05380201e-01 -3.11248273e-01  7.91266143e-01
  -2.09155488e+00 -2.22064424e+00 -6.22608811e-02 -1.12336373e+00
  -2.24494386e+00 -2.21912193e+00 -4.55004126e-01  1.14347331e-01
  -7.48497099e-02 -1.86486697e+00  5.37861645e-01 -1.01283699e-01
  -7.95439363e-01  1.78890574e+00 -5.23061097e-01 -5.80855131e-01
  -1.17165768e+00 -7.48472452e-01  1.06106853e+00  2.29488641e-01
   8.14328372e-01 -8.70398879e-01  6.02104664e-02  4.80288677e-02
   1.01106489e+00  3.01800482e-03 -1.04128289e+00  3.46682727e-01
   1.98054278e+00  2.72875190e+00  4.92890477e-02  1.56540334e+00
   4.07221109e-01  1.73059773e+00 -2.17548206e-01 -1.76225889e+00
  -1.79516330e-01 -1.07252502e+00 -7.97738194e-01  8.41642395e-02
  -4.93097425e-01 -1.22098279e+00 -4.30805057e-01 -2.26577297e-01
  -1.28075466e-01 -7.85579324e-01 -1.20009637e+00  3.24443340e-01
  -8.66599560e-01 -8.81889820e-01 -5.18223286e-01  2.11782503e+00
   3.40164006e-01 -3.95927668e-01 -6.07373118e-01  4.05885309e-01
  -8.00566316e-01 -6.31405830e-01 -1.41436374e+00  4.61784899e-01
   3.14990461e-01  1.71946526e-01 -7.76022524e-02 -5.87454960e-02
   1.10988045e+00 -5.31509578e-01  6.27634227e-01  3.24672967e-01
  -9.02837455e-01  8.72426152e-01 -4.55461234e-01  2.03820276e+00
  -1.45327952e-03 -6.34767830e-01 -8.86769712e-01 -4.95903909e-01
  -4.03960258e-01  9.93874669e-01 -1.92361400e-01  8.50859284e-01
  -7.84129858e-01 -3.80556464e-01  8.30695152e-01 -2.86268238e-02
   2.00035438e-01  2.79762268e-01  2.44196844e+00  6.71721280e-01
  -1.31074154e+00  1.43879557e+00 -2.64377538e-02  7.79981971e-01
   7.51499891e-01  1.03666365e+00 -7.76288927e-01  6.67880058e-01
   7.00068653e-01  1.19274580e+00  2.19890028e-01 -2.04614237e-01
   4.11891729e-01 -3.72184664e-01  3.81172150e-01 -2.15222150e-01
   2.16960609e-01 -1.13257396e+00  1.40787363e+00 -2.79889613e-01
  -5.06329797e-02 -4.82984811e-01 -1.31329015e-01  9.55537498e-01
  -1.25666988e+00 -2.76947886e-01 -2.17902327e+00  3.91327649e-01
  -1.46387684e+00 -2.87319988e-01  1.14876024e-01  2.61559397e-01
  -2.12512389e-01  2.85180569e-01 -1.85732126e+00 -1.59264266e+00
   6.47220612e-01  7.33994544e-01 -1.38685393e+00 -7.12090850e-01
  -2.02373922e-01  3.25696915e-01 -5.01577914e-01  1.20383358e+00
   5.43261647e-01 -3.10708076e-01  9.36967194e-01 -8.61923873e-01
   2.28827298e-01  7.06781507e-01  9.83756602e-01  1.30374551e+00
  -1.09738894e-01  3.42094243e-01 -2.14516211e+00  1.25971138e-02
   7.27069557e-01 -6.61286950e-01 -8.59586239e-01  5.74635446e-01
   6.68155849e-01 -5.85839272e-01 -1.88644677e-01  2.66013652e-01
  -4.83593456e-02 -3.19379330e-01 -2.35022545e+00 -1.46094096e+00
   4.50414956e-01 -4.91788775e-01 -2.35436010e+00 -6.37661338e-01
  -1.34138077e-01 -3.93393785e-01  2.26030812e-01 -1.72554746e-01
   2.23463938e-01  5.29324412e-01  1.81959498e+00  5.71483910e-01
  -4.00743693e-01  1.09133041e+00  1.73475134e+00 -1.14101660e+00
  -5.99144518e-01  1.01445401e+00  5.94087541e-01 -4.38562959e-01
   7.49450564e-01 -1.73202276e-01  9.01794553e-01  1.69951880e+00
   3.17129701e-01 -1.48910117e+00  8.71400177e-01  6.81496799e-01
   1.16483831e+00  7.90899217e-01  6.33141696e-01 -1.43817747e+00
   5.90148330e-01 -1.46490860e+00  1.54154706e+00  1.54643059e-01
  -6.92313910e-02 -1.59752572e+00 -1.71357477e+00  1.02414477e+00
  -1.26328027e+00 -1.15326452e+00 -1.09587252e+00 -1.88382849e-01
   3.92502427e-01 -9.42210555e-01 -6.29166067e-01 -1.46961188e+00
   9.04925108e-01  1.38132676e-01  1.96333230e-01 -1.79195359e-01
  -1.45937645e+00  1.27880931e+00  8.08083653e-01  1.20026433e+00
  -6.84857428e-01 -1.21811509e+00 -1.30647171e+00  3.62911284e-01
   1.06181872e+00  5.29188693e-01  6.40473008e-01  4.84988242e-01
  -4.90293682e-01  1.30048168e+00  8.83428872e-01 -5.25970124e-02
   1.35637558e+00  1.15819263e+00  2.39655924e+00  9.62353885e-01
  -1.93400636e-01  1.12727463e+00 -6.47594869e-01  8.47050011e-01
   9.12515163e-01 -1.11689556e+00 -3.73658270e-01 -1.42102540e+00
  -7.47692823e-01  1.64965200e+00  1.67725790e+00  8.46699104e-02
  -5.84075451e-02 -1.75323606e+00  1.98984891e-01  5.95614135e-01
   2.29797673e+00  1.43708742e+00 -3.53491962e-01 -4.43230063e-01
   9.06032562e-01 -2.00126958e+00  2.81050771e-01  5.53088427e-01]]"
n000006_0003_01.jpg,1,-1,0,-1,-1,-1,0,-1,0,-1,-1,-1,0,-1,1,-1,0,-1,-1,-1,1,-1,-1,1,-1,1,0,1,0,-1,1,1,1,0,0,0,1,1,-1,-1,-1,-1,0,-1,1,-1,-1,"[[-1.63258708e+00  1.35139776e-02 -2.89755259e-02  2.44854879e+00
   1.09706545e+00 -1.37390471e+00 -3.10449839e-01  1.26881731e+00
  -1.70585060e+00  1.90273508e-01 -3.56228232e-01 -1.02575397e+00
   2.49906826e+00 -2.06870294e+00 -9.34145033e-01 -1.04341483e+00
   6.64045140e-02  1.43089211e+00  3.48029315e-01  3.34498823e-01
  -1.49829179e-01  8.02369833e-01  3.25783432e-01 -1.18820381e+00
   5.80879629e-01 -8.62279713e-01 -7.60684162e-02  1.27042902e+00
  -1.09305739e+00  3.45132113e-01 -1.55089498e+00  2.62633890e-01
   1.22813359e-01 -9.69977260e-01  2.01169267e-01  2.23867464e+00
   1.78991556e-01  1.56818330e-01  1.62207261e-02 -1.70588553e+00
   7.83915401e-01 -2.07652494e-01  9.78649035e-02  7.90291607e-01
  -7.31498361e-01  3.82883817e-01 -2.65062660e-01 -1.50097730e-02
   2.55635291e-01 -1.88864768e-01  7.13636041e-01 -1.07085681e+00
  -1.70399642e+00 -4.11548287e-01 -3.57126921e-01  1.15224409e+00
   5.29609680e-01  1.59373212e+00 -7.53920749e-02  1.02818072e+00
   1.18896365e-04  2.70765752e-01  4.30624634e-01 -8.21175158e-01
  -1.41711354e+00  1.60554624e+00 -3.04727089e-02 -1.23725116e+00
  -5.00513911e-01 -2.30952024e-01  5.04072309e-01 -3.59057456e-01
  -7.77788162e-01 -5.61377227e-01 -8.82593334e-01  1.25924098e+00
   1.79564416e-01  1.31039214e+00  5.30407071e-01 -1.04616904e+00
  -5.01966357e-01 -5.56366742e-01  6.54727519e-01  2.06775117e+00
  -6.60429448e-02  1.59129059e+00 -1.44223988e+00 -1.62916005e+00
  -1.41506746e-01 -3.78542662e-01  3.04854270e-02  1.31749821e+00
  -3.51502150e-01  1.73135138e+00  4.28965718e-01 -9.52683866e-01
   1.76297498e+00 -9.17097330e-01 -2.21792388e+00  8.15650672e-02
   1.84046578e+00 -2.38055319e-01  4.25732672e-01  9.01207104e-02
   1.04645026e+00 -7.14095980e-02 -1.27189666e-01 -2.54519850e-01
  -9.60457563e-01  9.14062440e-01  4.33254629e-01  9.67217386e-01
  -8.05355981e-02 -8.47167909e-01  1.46044517e+00  7.16074765e-01
  -1.33008873e+00  6.54133677e-01 -1.38695650e-02 -1.51726162e+00
  -5.62608600e-01  7.06534445e-01 -1.03326058e+00  9.32075202e-01
  -1.27599275e+00  2.82445025e+00  3.72301519e-01 -2.10371494e+00
  -1.05638850e+00  1.80348456e+00 -1.17686129e+00 -5.01510739e-01
  -1.60023236e+00  1.24807227e+00  1.03585851e+00  1.96237600e+00
   7.63847291e-01 -5.27245104e-01  1.32858765e+00  1.61002809e-03
   1.92809716e-01 -9.37871635e-01  1.30144954e-01  4.83940393e-01
   5.74609816e-01  1.32593179e+00 -1.47580075e+00  1.27402055e+00
   1.33904183e+00 -2.42532581e-01 -1.26162219e+00  1.04354322e+00
   6.35216475e-01  8.63456249e-01 -9.61032093e-01 -2.02411264e-01
   2.62490034e-01  4.53315884e-01 -1.16325378e+00 -1.30179214e+00
   1.36004126e+00 -8.03813875e-01  2.26406470e-01 -1.05604517e+00
  -6.19239926e-01 -2.20477358e-01 -3.89720321e-01 -2.71438390e-01
  -5.62794209e-01  1.55296493e+00  7.31127679e-01 -1.13857782e+00
  -5.76006591e-01  5.73763251e-01  6.19868279e-01 -7.23780215e-01
  -1.16326404e+00  1.01244032e+00 -1.30728006e+00  1.07781672e+00
   9.34672505e-02 -1.67312384e+00 -2.53191173e-01 -2.03995109e-01
  -8.36679563e-02 -9.85061705e-01 -1.51018575e-02 -5.70427954e-01
  -1.00301199e-01 -1.77192163e+00  1.00935340e+00 -3.08523655e-01
  -2.41150483e-02 -8.33400488e-02 -4.69922721e-01 -4.31904346e-01
  -3.79852444e-01 -3.26197118e-01  3.59871656e-01  1.30236134e-01
  -2.08138561e+00 -4.39562291e-01 -5.83196998e-01 -1.34054172e+00
   6.02060318e-01  4.69319403e-01  3.35193157e-01  1.16733313e-01
  -7.37331761e-03 -9.40191031e-01  7.28853047e-01 -7.56971955e-01
   6.09927058e-01  1.52837932e+00  7.66356289e-01 -4.41962868e-01
  -2.91565925e-01 -1.87704600e-02  2.33442262e-01  1.09781563e+00
   9.73690227e-02  8.08069944e-01 -6.88336909e-01  8.64935279e-01
  -1.59398592e+00  4.77591366e-01  1.03109010e-01  5.39380796e-02
  -3.14877599e-01 -1.14989839e-01  1.51037395e+00  5.72116792e-01
   2.60109335e-01 -1.08682978e+00  1.15866840e+00  7.88190484e-01
  -7.87854254e-01  2.52830088e-01  1.50719747e-01  8.42885196e-01
  -2.15949908e-01  2.52806574e-01 -7.50036955e-01  1.05105460e+00
  -5.93707621e-01 -5.44176459e-01  9.79992390e-01 -5.96956253e-01
   9.52417493e-01 -1.48748016e+00 -4.93723601e-01  7.20218062e-01
   3.06286335e-01 -9.26786244e-01  4.74767685e-01 -2.53840476e-01]]"
n000007_0001_01.jpg,1,-1,1,-1,-1,-1,0,-1,1,-1,-1,0,-1,1,1,-1,-1,-1,0,0,0,0,-1,1,0,1,0,1,0,0,1,1,1,-1,0,0,1,1,-1,-1,-1,-1,0,-1,1,-1,-1,"[[-7.7734482e-01  2.5257793e-01  8.3120000e-01  7.7795321e-01
  -1.1031463e+00 -1.3698418e+00 -2.0256345e-01 -3.4381172e-01
  -2.3899858e+00 -1.3325965e+00 -7.2839200e-01 -3.8042057e-01
   1.2857963e+00 -9.3372107e-01 -7.8938091e-01  8.5151285e-01
   1.6946952e+00  1.9574403e+00  4.3146679e-01  9.7182137e-01
  -1.7406939e+00  5.1868790e-01  1.8474061e+00  2.1692894e-01
  -8.8655120e-01 -3.0856147e-01  1.1597960e+00 -3.2060766e-01
  -7.4543697e-01  1.2132691e+00 -2.1576622e+00 -9.4633770e-01
   1.0132107e+00  2.2110968e+00  1.9643520e-01  1.0913180e+00
   7.2505605e-01  2.5003073e+00 -4.7984809e-02 -9.7598416e-01
  -4.0168843e-01  6.2139535e-01 -6.6227156e-01  4.6611178e-01
  -2.1627467e+00 -8.4073240e-01 -3.4453649e-02  2.5933892e-01
  -8.5745305e-02  2.5440002e-02 -1.3477627e+00 -1.1926367e+00
   7.4381632e-01 -4.9606666e-01 -6.6852087e-01  9.0141958e-01
   9.5443636e-01 -3.5260326e-01 -1.2067382e+00  5.2462310e-01
   9.9587440e-02 -1.4413806e+00 -4.6535380e-02  1.0348788e+00
   1.7199556e+00  2.7910945e-01 -1.1613829e+00 -5.0271600e-01
   6.7843276e-01  1.2009357e+00  4.5246527e-01 -7.6022667e-01
  -1.1073630e+00  1.0080590e+00 -5.9257358e-01  4.2830864e-01
  -3.4763876e-01 -3.7658293e-02  5.4764742e-01  9.1358936e-01
  -5.4933172e-01 -5.6377142e-03  1.5971489e+00 -2.1254544e-01
  -1.5050650e-01 -6.4842713e-01  1.4225069e+00 -1.4889845e+00
   4.1263974e-01  1.4263188e+00  7.3181486e-01  1.7506281e+00
   3.0957684e-01  1.6935368e+00 -1.1478801e+00 -7.4709284e-01
   5.1830751e-01  7.5765103e-01  1.8873534e-01  8.0517255e-02
   1.3132066e+00  2.2073846e+00 -9.5658934e-01  1.5065667e-01
  -5.4957545e-01  1.2316188e+00 -2.9094058e-01 -1.5547423e-01
  -7.4107999e-01 -7.8283972e-01  1.8269143e+00  5.0207833e-04
  -1.5763805e+00 -2.9183826e-01  5.1548386e-01  1.0651038e-01
  -1.7662483e+00 -8.7622458e-01 -8.8628316e-01  1.9325963e-01
  -3.4865135e-01  9.1473424e-01 -5.5639899e-01 -1.8010968e-01
  -1.3708814e+00  1.3601295e+00 -4.9676529e-01 -2.0751479e+00
   4.5215819e-02  2.3718517e+00 -5.7962209e-01 -9.6875989e-01
   1.1516676e+00 -1.1305876e+00  5.6546885e-01 -1.0112184e+00
   1.8289049e+00  3.4831155e-02  3.0862119e+00  4.0507376e-01
   4.0291926e-01 -1.9210299e+00  4.7145429e-01  8.0317730e-01
  -7.0737207e-01  1.2981448e+00 -4.4669604e-01 -2.7878383e-01
   5.8496821e-01  4.2893207e-01  6.4886200e-01 -1.8984853e+00
  -5.0132297e-02 -8.9656353e-01 -8.8490087e-01  1.4061130e+00
   1.6753629e-01  6.4459771e-01  3.4140700e-01 -7.2660100e-01
   9.7500747e-01 -1.2579833e+00 -5.5949730e-01 -7.4147522e-01
  -1.2434994e+00 -1.5525088e+00  1.8093954e+00 -4.4106439e-01
   2.6981530e-01  1.1471021e+00  1.7653197e+00  6.8307355e-02
   3.8442090e-01  2.5809662e+00 -2.0036754e-01 -6.5856558e-01
   3.8108683e-01  1.8411452e-01  1.2303373e+00  1.7690762e+00
   5.4633927e-02 -1.2478753e+00  1.2467660e+00  1.2774312e+00
   2.1704331e-01 -2.8925998e+00  3.9911675e-01 -3.4823895e-01
   1.1965796e+00  1.6496309e+00  3.0106169e-01 -1.1164124e+00
   1.1588609e+00  1.4483681e-01  1.3801961e+00 -8.9865804e-02
   3.2797831e-01 -1.9595191e-01 -5.1344848e-01 -4.9454501e-01
  -1.3309951e+00  9.3094105e-01 -6.0507065e-01  2.2457852e+00
   1.1676282e+00 -1.0200672e+00 -9.6215266e-01 -1.5326885e+00
  -3.7295550e-01 -4.3027389e-01  1.4613349e+00 -2.2008193e-01
  -1.0467920e+00  8.3314222e-01  6.5703142e-01  7.8000367e-01
  -1.1296512e+00 -1.6080110e-01 -1.5009165e+00  4.7752970e-01
  -7.7971065e-01  1.1552851e-01  9.2588866e-01 -2.0518400e-01
   1.6812049e+00  1.0695806e+00  1.5683522e+00 -6.8951452e-01
  -1.5736057e+00  3.1408685e-01  1.8694584e+00  4.8254162e-01
   3.2167745e-01  2.8565309e+00 -1.2745513e+00 -6.3182467e-01
  -6.0529661e-01 -1.3368001e+00 -1.8840913e+00  1.2483294e-01
  -1.9914547e+00  5.5571353e-01  4.0616375e-01 -1.2127099e+00
   7.9953268e-02 -4.6838921e-01  5.3522760e-01  9.5618844e-01
   1.3872888e+00  5.3356087e-01 -1.8224802e+00  2.7355263e-01
   5.3444076e-01 -2.5507822e+00  9.9611974e-01  1.0277202e+00]]"
n000007_0003_01.jpg,1,-1,1,-1,-1,-1,0,-1,1,-1,-1,0,-1,1,1,-1,-1,-1,0,0,0,0,-1,1,-1,1,0,1,-1,0,1,1,1,-1,0,0,1,1,-1,-1,-1,-1,0,-1,1,-1,-1,"[[-1.2681463  -0.4380669   1.6170682   1.08933    -1.7496614  -2.1747935
  -0.22653545 -2.0872786  -1.1914163  -2.5640273  -0.51635253 -0.799864
   0.4691467  -1.0068276   0.9469706   0.50736284 -0.18182884  1.0565876
  -0.78446716 -0.70803255 -0.8217332  -0.7034236   0.38833115 -0.47910884
  -1.5104791  -1.4624375  -0.60406977  0.35280055 -0.91665685  0.94083107
  -1.0360417  -0.74070036  1.1191403   2.23436     0.7954216   3.4764018
  -0.02230876  1.5577936  -0.34016195 -0.28899324 -0.33713573  0.30892012
  -1.0612295   0.6661111  -0.5576696   0.06315571  0.4882387   0.4908103
   0.7453521  -1.875604   -0.4562125  -0.41250053  0.06132625 -0.25029635
  -0.99736017  2.2045662  -0.01038815 -1.7312318  -0.7318129   0.05861603
  -0.35936433 -1.1510625  -0.06614818  0.11770005  1.221072    0.51963496
  -0.34018093  0.94737875 -0.18469961 -1.2571367   1.2284989   1.5456514
  -0.35226145  0.16710728 -0.0427736   0.36362505 -0.10334195 -0.81802654
  -1.0765575   0.19484761  0.44015846 -0.24908574  1.3961793  -1.3140771
  -0.36619446 -0.09328564  1.5583462  -0.07313301  0.26602402  0.10555558
   2.0957153   0.2090973  -0.08298726  1.67357    -0.8665645  -0.22922386
  -0.3931364   1.1173465  -0.42986482  0.61196387  1.2090186   1.6285529
   0.61500674  1.3378979   0.37256762  0.5322084   0.5364949  -0.6482814
  -1.0336215  -1.52709     0.24911657  0.22033516 -1.3957468  -1.1898023
   0.41284463  0.07540715 -1.6331983   0.6996106  -1.1169194  -0.08062678
   0.3129743  -1.1149248   0.25092328 -0.30136514  0.17263342  0.00988068
  -0.02594868 -1.1901892  -1.5644513   1.6005293  -0.39036557 -1.7297407
  -0.04831547 -0.9448914  -0.03780565  0.43658963  1.7261742   0.9084593
   1.7239459   0.7615591   0.3121992  -1.3492869   0.62676    -0.27709013
  -0.916497    1.4443465  -1.5666991   1.7213422  -0.03050249  0.04822787
  -0.39290142 -0.12456322  1.5722543  -0.32069573 -0.5034793   0.30283535
   0.6267015   0.07962272 -0.049255   -1.6046637   1.6454393  -0.9803575
  -1.0427176  -1.0265144  -0.39333108 -0.0619468   1.4995122   0.10564594
  -0.39596587  0.89121664 -0.04461301  0.08773272  0.19716346  1.3015643
  -0.49568272 -1.435393    1.9325068  -0.01293571  0.42574474  0.9871943
  -1.4895577   0.37754753  1.5121933   0.45646128  0.44040155 -2.627464
   0.22799042 -0.1527479   2.3592572   1.0998136   0.87967134 -0.75775903
   0.34341323 -0.09044715  1.5626832   0.55322295  0.9252931  -0.9807208
  -1.1224288   0.57250816 -1.7776964  -0.47054082 -0.8760814   0.47675478
   0.04784083 -1.280076   -0.91768235 -1.7071831  -0.33927488 -0.5219202
   0.59558064 -0.22982302 -0.06270072  1.1909891   0.68760216  1.4225682
  -0.5075037  -0.01189012 -0.8605714  -0.24838756  0.39472583  0.36087212
   2.0711365   0.90632355  1.6250892  -0.21913797  2.7060843  -1.6738329
  -0.24486947  0.65137786  2.6581004   0.53711003  1.3649085   0.80382174
  -1.4953094   0.01065972 -0.10562389 -0.41466814 -2.2732415  -0.3558974
  -0.1347615   0.5817274  -0.581486   -1.0470029   0.02158611  0.36138782
  -0.06324621  0.9733135   1.2699726   0.5946583  -0.22486539 -2.2142365
   0.6861504  -1.6243173  -0.03504422 -0.4654393 ]]"
n000007_0004_01.jpg,1,-1,1,-1,-1,-1,0,-1,1,-1,-1,0,-1,1,1,-1,-1,-1,0,0,0,0,-1,1,0,1,0,1,0,-1,1,1,1,0,0,0,1,1,-1,-1,-1,-1,0,-1,1,-1,-1,"[[-1.241563    1.5574774  -0.5681958   2.655886    0.43764302 -2.661187
   0.11644162  0.30897647 -0.50662684 -0.8081958  -1.5848608   0.15982035
   1.0506359  -1.4644632   0.33204272  0.89596134  0.11299422  0.49864236
  -0.32673538  0.03814619 -2.0620892  -0.5306596   0.17347631  0.2969625
   0.23151653 -0.9356387  -1.026854   -0.09089459 -0.9173016   0.37002808
  -2.2323713  -1.325737   -0.02638626  0.01785647  0.51331013  1.7562612
   0.8158364   0.36344182  1.4999467  -0.20227106  0.71941936  0.41125163
  -0.65439147  0.36375707 -0.6548964  -0.55078954  1.7856586  -0.3829137
   0.65787226  0.8438164   0.45702624 -0.08268522 -0.30406082 -0.21921158
   0.11631932  0.4563208   1.4878291   0.2901251  -0.32609728  0.40645397
   0.27023128 -1.4235426  -1.0260164  -2.0896676  -0.1419921   0.66614777
  -0.43615264  0.57486093 -0.8953345  -1.1662093   1.0640107  -1.1986061
  -1.9655098   1.4472079  -1.6278034   0.79870665  0.04758071 -0.46848214
  -1.9753028   0.46028313 -0.6202041   1.6595207   0.77042097  1.4203311
   1.0672778  -0.63232106 -1.1738226   0.57678366  0.02799696 -0.8785662
   1.4188143   0.11863076  0.09929948 -0.52565825  1.3362684   0.14408398
  -0.04857884 -0.8707895  -0.05303029  1.3126801   0.56610566  0.47128797
   1.1722443  -0.09049299 -0.57358736  0.85017806 -0.2686291  -0.10027024
   0.47673902 -0.19818945  1.2550073  -0.19197501 -0.55191433 -0.5953274
   2.062567    0.66003954 -0.6345883   0.7594433  -0.18977708  0.49922857
  -0.23726194  1.4466101  -1.2677974   0.87385374  0.2900901   2.670527
  -0.31103837 -1.2969555  -1.308582    0.756014   -0.5971728  -0.29797465
  -0.07143474 -0.49362102  0.30483314  2.0269575   1.1012549   0.13101596
   2.054629   -0.27652016  0.3646328  -0.06961674  1.56041     0.6844147
   0.08393692  1.0297194  -1.3178632   1.2999284   0.89854085  0.5992249
  -0.77326334  0.04478557 -0.9586835  -0.1135695  -1.9534535   0.54784584
  -0.26782733  1.7631108  -0.6668879  -1.682549    0.7140007  -0.78874266
  -0.90387183 -1.3747479  -0.20340784 -0.49974307 -0.26038605 -0.8857084
  -0.88119924 -0.46265283  1.2630683   0.51682115 -0.45919254 -0.01679749
   1.7963458  -0.52139187 -1.0461961   1.7805443  -1.7837971   0.18751493
   0.10390703  0.09978666 -0.9715875   0.22871153 -0.62763673 -1.2561771
  -1.4373736   0.40948102  0.5169596  -0.36889932 -1.3148714  -0.06066141
  -0.8569006   0.80903125 -0.0862238   1.9951292   0.7603861   1.1341918
  -0.20904434 -0.5778777  -0.3656042  -0.41431916 -0.5665916   0.35504052
   1.3397765  -0.91615653  0.11902595 -1.4794691   1.186629    0.29469964
   0.60138917 -0.20793733 -0.861012    1.3646197   1.4868357  -0.70390254
  -0.94528925  1.2608368   0.88814265  0.62000835  1.6788939   0.7509517
   1.1940385   0.40773088 -0.7773227  -0.5287193   2.0187151  -0.5385439
  -0.16149117 -0.10418304  1.1978415   2.3358593   0.73350215  0.4405133
   0.01074375 -0.30820403 -0.36374313  1.7129657  -0.56198543  0.7417434
  -0.13810632  0.5328637   0.4678599  -0.1442561  -0.18899383  0.20899291
  -0.04608747 -0.15301967 -0.23607603 -0.07911196 -1.8339857  -0.3976509
  -0.21373862  0.2422565   0.6986197  -1.5186011 ]]"
n000008_0002_01.jpg,1,0,0,-1,-1,1,-1,-1,0,-1,-1,0,-1,1,-1,-1,0,-1,-1,-1,1,-1,0,1,-1,-1,0,-1,-1,1,0,0,-1,-1,-1,0,-1,0,0,-1,-1,-1,-1,-1,1,-1,-1,"[[-0.6539851  -0.73151493 -0.5931787   2.1282349   1.3977144  -1.7152189
  -1.1214898  -0.8261638  -1.8693254   0.7241273  -1.15121    -0.85512394
   1.5405017  -0.8748678  -0.8065725   0.08211777 -0.49590388 -0.05916533
  -0.3103118  -2.2033174   0.6387277   0.998036   -0.61108625  0.18253428
   0.41133058  0.24717717 -0.71212584 -0.59474844  0.38083902 -1.7615938
  -2.0508235  -0.41482332  0.55973303  0.19304402  0.76943904  1.562829
   0.49495304  1.0361861   0.9481927  -1.2352926   0.4320414   1.0082191
   0.11174238  0.5973509   1.0473241   0.04086508  2.227907    0.8388128
  -0.67562884 -1.0324303   0.24084619  0.6003709  -0.8514113  -1.1546304
  -0.5638294   0.27647933  0.6184406  -1.4987074  -0.10453402  1.4790796
  -1.0306033  -1.5162972   1.4125174  -2.1068077  -1.2971632   0.3829435
   0.48599625 -0.58896345  0.6575093  -0.10386735  1.4773008  -1.429921
  -0.50679535  0.49815524 -0.20885447  1.3220935  -1.2795348  -0.6548044
   0.05497989 -1.5516485  -0.46777576  1.0381476   1.916407    0.7684602
   0.88357586  0.6842684  -1.0740694  -0.557394    0.12073427 -0.46211797
   0.03775319  0.25534844 -0.88061976  0.5959041  -0.5119852  -0.5034336
   0.51664734 -0.5272245  -2.571485    0.3692546   0.93368095 -0.09071106
   1.7621623  -0.382613    0.5328743   0.16842456  0.38294056 -1.1034207
   0.19659802 -0.2758209   0.89431083  0.33781704 -0.48301166 -1.0830289
   2.291336    0.71494836 -0.98862106 -0.5264244  -0.5130404  -1.7546659
  -1.4709892   0.94738954 -1.239458   -0.8620564  -1.2303337   3.0598226
  -0.89230585 -0.19031176 -0.17082588  0.7595168  -1.5090451  -0.80904245
  -1.4025632   0.9302797   1.0772644   0.6383203   0.5610153  -0.14118817
   0.8166434  -1.0881988  -0.18420163 -1.0173242   1.3508805  -0.26155296
   0.2678091   0.4875203  -0.60584724  1.6799423  -0.01639829 -0.5132432
  -0.69194585  1.0275593  -1.2922943   1.3748733  -0.3026358   0.00531095
  -1.3683153   2.1157315  -0.16743048 -0.8478104   3.0938003  -1.0856127
   0.11730705 -0.49899486 -0.11157208  0.7847975   0.38402742 -0.39515266
  -0.27145952  1.2610345  -0.841838    1.403931   -0.85339826 -1.847968
   1.6401998  -1.5353479  -2.128114    2.5465193  -0.7023734   0.29471198
   0.5512432   1.2434343   0.21672663 -1.7368039  -0.47123104  0.41021132
  -1.3240488   0.14102487  0.89107066 -2.09292    -0.44231972 -0.37313238
   0.49477798  0.74528265  1.1916866   0.7404647  -0.1277882   0.2481115
  -0.15874085  0.16636825 -1.4536328  -1.0309582   0.76288545 -0.4402657
   1.2248511  -0.46452615 -0.75642836  0.5411112   1.1161888  -0.5755004
  -0.6140319   0.5436816  -0.5392857   0.6413215   1.0629675   1.0883228
   0.11636252  1.1529247   0.52054524  0.4251723  -0.04238952  0.92154056
   1.6431259   1.7406625  -0.69556516  0.21971996 -1.3990684   0.860787
   0.01799264 -1.4815526   0.8002323   0.45231187  0.79400504  0.05140683
   0.92275023 -0.03615377 -0.56410563 -0.6148939  -0.13196522 -0.7164935
   0.1104937   0.9765947  -0.770918   -0.3433283   0.47193524 -0.09286407
   1.3389721  -1.6647172  -0.18474498 -0.357085   -0.6342953   0.3250202
   0.11398152  0.27897933 -1.0206674   0.10632531]]"
n000008_0003_01.jpg,1,0,0,-1,-1,1,-1,-1,0,-1,-1,0,-1,1,-1,-1,0,-1,-1,-1,1,0,0,1,-1,-1,0,-1,-1,1,0,1,-1,-1,-1,1,-1,0,0,-1,-1,-1,-1,-1,1,-1,-1,"[[-1.32464004e+00 -3.64385575e-01  1.07832879e-01  1.15632200e+00
   1.15513813e+00 -4.11817640e-01 -5.74373603e-01 -1.80421007e+00
  -1.47097957e+00  2.33823240e-01 -8.94333482e-01 -7.60168970e-01
   9.65892494e-01 -4.20965433e-01 -1.19795668e+00 -1.00076701e-02
  -1.42483687e+00  1.58095779e-03  1.19401529e-01 -2.68840742e+00
   3.45324963e-01  1.62524715e-01 -1.78750440e-01  7.52303302e-01
   2.15126634e-01 -2.78803080e-01 -1.12196827e+00 -3.60837489e-01
   2.70216584e-01 -3.11692882e+00 -1.73256695e+00  5.88907242e-01
   1.89934447e-01 -5.76111138e-01  6.31762683e-01  2.64402008e+00
  -1.96361631e-01  1.98624885e+00 -6.38272911e-02 -1.95611274e+00
   1.92190921e+00  2.30061918e-01 -9.63819325e-02  6.57119870e-01
   9.43159580e-01  1.38847217e-01  1.56703401e+00  1.86540201e-01
  -3.25950086e-01 -1.28249609e+00  3.22969854e-01  2.91764528e-01
  -1.11766887e+00 -1.05225646e+00 -7.90457204e-02  9.53341007e-01
   8.29658270e-01 -1.21151781e+00 -2.92883486e-01  1.31699276e+00
  -2.05021763e+00 -1.56546032e+00  6.54139459e-01 -2.02957654e+00
  -2.17972016e+00  1.10577536e+00  1.49191409e-01  5.87014139e-01
   1.80358350e-01 -2.08538502e-01  4.10358638e-01 -1.90995920e+00
  -2.54614562e-01  1.08850598e-01  1.80457816e-01  1.94617891e+00
  -1.04451168e+00 -4.03697073e-01 -1.71094880e-01 -1.64271009e+00
  -5.17682731e-01  1.34725988e+00  1.21213377e+00  1.63052559e+00
   6.72479346e-02  1.24537921e+00 -9.27105427e-01 -4.89466459e-01
   4.07450274e-02 -1.17407337e-01 -3.95063423e-02  5.36526740e-01
  -1.61147368e+00  8.96711648e-01 -5.73667824e-01 -1.15747750e+00
   1.57226694e+00 -1.95110977e-01 -2.42987919e+00  4.81273681e-01
   6.32383347e-01 -9.93132949e-01  1.88380015e+00 -1.10724890e+00
   4.92520094e-01 -1.01013824e-01  7.89123952e-01 -6.00355744e-01
   8.56734693e-01 -9.16977584e-01  6.64260745e-01 -1.16982169e-01
   5.34635819e-02 -2.26033306e+00  1.33413017e+00  8.99274126e-02
  -7.82703459e-01 -6.34854972e-01 -1.11477692e-02 -1.90026808e+00
  -8.75864625e-01  1.83345068e+00 -1.14023745e-01  1.97397351e-01
  -1.24916816e+00  2.65436411e+00 -1.66991219e-01  1.91973567e-01
  -1.31781727e-01 -3.01668607e-02 -1.75201142e+00 -9.67634201e-01
  -1.72634912e+00  1.85667336e+00  8.65063906e-01  1.29131198e+00
   3.26171160e-01 -8.29052687e-01  1.21455097e+00  1.18225150e-01
  -4.78236377e-01 -1.73403656e+00  8.22119594e-01 -1.05072767e-01
   1.46323949e-01  1.45247912e+00 -9.03486729e-01  1.59706962e+00
   1.10575950e+00 -6.20276272e-01 -2.40885854e+00  1.00397360e+00
  -7.19222844e-01  1.05959877e-01  4.26628441e-01  6.59844160e-01
  -1.85924566e+00  1.71944249e+00 -1.26119494e+00 -2.64721602e-01
   2.32522249e+00 -1.13103020e+00 -3.40448469e-01 -3.95397097e-01
   2.04247862e-01  1.24221277e+00 -1.13227546e+00  5.93596458e-01
   2.62044907e-01  1.53237891e+00 -1.94399583e+00  4.52699035e-01
  -8.85133505e-01 -1.01448870e+00  6.05173647e-01 -1.25069392e+00
  -8.85456085e-01  3.32865214e+00 -1.23913038e+00  6.98410928e-01
   3.93404141e-02  3.29985470e-01  2.69473284e-01 -8.46205890e-01
   4.23126072e-01 -7.40050524e-02 -1.51679695e+00 -1.06562138e-01
   1.52517271e+00 -1.62179375e+00  3.32596749e-01 -4.57519293e-01
   5.35627127e-01  4.61102933e-01  7.89926469e-01 -6.45630211e-02
   5.19556105e-01 -2.80855358e-01  3.47706735e-01 -2.16780618e-01
  -1.70330107e+00  1.28345817e-01  7.30591834e-01  1.47866353e-01
   2.53623819e+00 -3.58032048e-01  1.07125446e-01  4.42769945e-01
   2.03530216e+00 -1.19313967e+00 -1.18894207e+00  7.39085317e-01
  -8.50739896e-01  2.91871995e-01  1.23023331e+00  1.35050023e+00
   3.26952517e-01  2.18270516e+00  1.21146083e+00  2.25269818e+00
   9.14144099e-01  3.70767951e-01  5.21452785e-01  2.00918961e+00
  -5.10785170e-02  3.55229586e-01 -1.59815699e-01 -1.87469840e-01
  -1.74725428e-01 -1.02309179e+00  2.68673360e-01  2.29103461e-01
   6.64110720e-01 -1.74013823e-01  1.45836845e-01 -6.05307758e-01
  -8.27592969e-01  1.03609830e-01 -9.75046098e-01 -1.16340148e+00
  -3.15263867e-01  5.06302178e-01 -1.27026320e+00  2.59609312e-01
   6.05450809e-01 -1.41366720e+00  1.08027411e+00 -5.89875698e-01
   3.21188688e-01 -8.98173153e-01  3.82374018e-01  2.99904674e-01
   1.08046710e+00  2.51380086e-01 -1.59924793e+00  7.95608014e-03]]"
